id,nome,data_nascita,nazionalita
0,Kimberly Ware,1948-07-19,5
1,Alexandra Porter,1949-05-18,55
2,Theodore Guerra,1959-01-08,101
3,Janet Henry,1999-11-23,80
4,Andrew Waters,1986-03-17,89
5,William Simmons,1952-04-09,65
6,Joseph Villarreal,1990-12-31,1
7,Michelle Morrison,1941-06-10,28
8,Raymond Jensen,1935-11-12,20
9,Brandon Terry,1938-01-19,82
10,Katrina Orr,1952-12-08,99
11,Jennifer Banks,1936-07-27,68
12,Maurice Murphy,1971-09-04,3
13,Terry Williamson,1992-12-11,58
14,Lindsey Anderson,1967-01-19,78
15,Dustin Rivera,2001-08-24,24
16,Robert Eaton,1993-08-10,27
17,Jason Mathews,1995-10-31,71
18,Keith Tran,1951-02-23,83
19,Deborah Marsh,1964-12-01,99
20,Steve Mullen,1973-05-04,100
21,Penny Smith,1990-03-06,26
22,Allison Contreras,1973-10-24,33
23,Judith Smith,1988-08-17,6
24,Jessica Beard,1996-06-29,67
25,Randy Bush,1979-04-18,35
26,Peggy Chang,1989-08-19,76
27,Jennifer Padilla,1977-03-29,64
28,George Christensen,1990-05-07,5
29,Jessica Owen,1959-02-08,78
30,Kimberly Pittman,1948-12-22,31
31,Dennis Townsend,1961-04-29,74
32,Mark Townsend,1936-03-21,10
33,Tommy Vasquez,1961-04-04,103
34,Julia Beard,1952-09-01,60
35,Tammy Bennett,1968-04-14,81
36,Steven Hayden,1934-06-04,36
37,Andrea Hall,1993-08-25,44
38,Penny Perez,1954-02-13,8
39,Kristi Nelson,1938-04-20,5
40,Jennifer Jones,1985-09-07,23
41,Vanessa Bailey,1976-10-19,46
42,Ashley Mcclure,1973-08-05,83
43,Katrina Gilbert,1954-11-07,21
44,Alexander Martinez,1955-05-08,48
45,Gerald Fuller,1998-12-12,69
46,Keith Hogan,1996-10-03,20
47,James Benson,1946-04-02,83
48,Kyle Little,1936-02-25,22
49,Melanie Lopez,1978-07-08,77
50,Benjamin Duarte,1975-10-06,0
51,Tammy Rose,1948-11-19,13
52,Daniel Cooley,1946-01-30,60
53,Lisa Blankenship,2004-08-18,31
54,Julie Larson,1991-11-13,90
55,John Williams,1995-10-21,41
56,Peter Bender,1978-06-01,73
57,Jason Wilkins,1958-08-27,67
58,Aaron Valenzuela,1957-04-21,88
59,Rhonda Hill,1994-02-17,27
60,Martin Harper II,1989-02-25,69
61,Brian Nelson,1948-09-04,93
62,Aaron Gonzalez,1940-07-25,95
63,Tina Miller,1978-04-03,86
64,Randy Reyes,1993-08-05,28
65,Sandra Keith,1992-07-13,59
66,Joshua Johnson,1956-04-15,80
67,Debra Smith,1957-08-19,88
68,Eric Walker,1955-01-01,91
69,Gina Bennett,1970-01-21,99
70,John Bell,1980-07-27,95
71,Emily Burnett,1948-12-17,64
72,Amber Pollard,1982-08-06,19
73,Manuel Chambers,1951-06-22,88
74,Cynthia Jordan,1979-03-23,54
75,Tonya Little,1937-07-11,83
76,Cynthia Abbott,1980-07-21,57
77,Anna Perkins,2004-11-14,65
78,Luke Clark,1939-01-07,84
79,Jeffrey Peterson,1945-11-07,50
80,Meghan James,1978-04-13,103
81,Jessica Nguyen,1959-04-23,79
82,Jason Powell,1961-12-27,21
83,Nicole Mccall,1998-02-12,23
84,Michael Wilson,1948-03-01,38
85,Terri Mills,1951-12-03,60
86,Andrew Warner,1960-12-26,18
87,Christopher Allen,2000-12-24,86
88,Robert Maynard,1934-12-03,83
89,Anthony Thomas,1963-03-23,95
90,Dr. Melissa Strong,1980-11-02,84
91,Cathy Montgomery,1962-01-24,101
92,Kim Smith,1944-02-08,98
93,Tyler Crawford,1960-10-23,30
94,Lindsay Johnson,1969-08-07,58
95,Audrey Johnson,1996-07-11,13
96,Natalie Bell,1934-09-15,20
97,Joseph Drake,1994-08-24,55
98,Matthew Higgins,1977-05-22,44
99,Sean Bolton,1950-09-23,54
100,Amanda Moreno,1955-11-10,15
101,Bianca Dennis,1932-05-31,63
102,Mrs. Terri Long,2002-01-05,53
103,Christian Graham,1947-04-08,72
104,Danny Holmes,1952-01-24,90
105,Lindsey Thomas,1950-07-17,94
106,Kristin Escobar,1976-07-03,80
107,Cynthia Soto,1939-05-16,23
108,Rachael Buck,1965-07-18,97
109,Jordan Gross,1976-10-27,60
110,Alejandro Dorsey,2001-11-28,61
111,Richard Martin,1987-05-18,34
112,Jonathan Martin,1935-05-14,14
113,Jose Allen,2002-11-16,63
114,Shannon Hayes,1962-08-22,64
115,Donna Ramirez,1979-06-11,95
116,Amy Mcfarland,1964-03-01,69
117,Pamela Ellis,1977-11-10,16
118,Mary Roberts,1950-09-15,6
119,Bruce Howell,1953-04-14,33
120,Brittney Fleming,1967-09-14,75
121,Jonathan Roberts,1940-06-12,89
122,Regina Clark,1975-02-05,83
123,Cheryl Hardin,1977-03-28,1
124,Felicia Davis,1999-08-11,87
125,Allison Patterson,1993-04-07,82
126,Catherine Sanchez,2002-09-11,24
127,Tracy Allen,2002-11-12,67
128,Emily Davis,1969-07-10,95
129,Danny Thompson,2001-12-26,53
130,John Monroe,1974-08-23,46
131,Brett Fox,1967-04-20,66
132,Cheryl Robinson,1940-09-18,42
133,Daniel Rogers,1948-07-01,40
134,Austin Knapp,1951-01-11,18
135,Lindsey Dennis,2002-06-04,84
136,Dustin Schneider,1986-01-24,3
137,Brandon Graham,1999-05-28,80
138,Samantha Mendoza,1998-08-01,43
139,Kimberly Ramsey,1968-09-22,24
140,Wanda Potter,1967-10-21,43
141,Ashley Wagner,1967-12-16,66
142,Andrew Huerta,1949-09-21,72
143,Dr. Brandon Davis,1938-06-07,92
144,Larry Wall,1960-08-18,0
145,Brandi Miller,1945-02-14,22
146,Jennifer Oconnell,1940-04-24,0
147,David Torres,1998-06-30,59
148,Heather Jenkins,1998-06-28,99
149,Christopher Allen,2000-02-25,4
150,Megan Roberts,1997-07-14,50
151,Joshua King,1986-04-05,2
152,Patrick Hogan,1948-04-29,69
153,Stephanie Taylor,1981-07-27,76
154,Connor Frye,1965-04-21,103
155,Shannon Myers,1987-06-22,17
156,Sarah Mcclain,1940-02-29,64
157,Nicole Watson,1996-09-16,54
158,Danielle Payne,1998-01-19,42
159,Alexandra Bird,2004-02-24,69
160,Reginald Bender,1980-11-03,13
161,Paul Peterson,1975-05-15,64
162,Frank Brock,1955-10-08,19
163,Stephen Jordan,1947-04-30,101
164,Brianna Lara,1998-08-31,19
165,Kyle Acosta,1988-05-13,30
166,Brandon Owens,1986-08-24,28
167,Zachary Avila,1948-07-09,3
168,Christopher Henry,1986-04-16,74
169,William Garcia,1971-06-24,71
170,Crystal Franklin,1996-11-14,22
171,Dennis Garner,1973-12-21,25
172,Sierra Taylor,1963-07-30,98
173,Carlos Nichols,1941-01-10,71
174,Jennifer Cantrell,1955-09-02,101
175,Joshua Kelley,1974-03-02,51
176,James Gilbert,1964-10-03,76
177,Robert Jackson,1955-09-01,53
178,Jeffery Mcgrath,1941-02-25,71
179,Joseph Cook,2000-07-15,5
180,Rhonda Jimenez,1985-05-31,97
181,David Campbell,1971-04-05,13
182,Jennifer Castillo,1967-01-01,91
183,Ian Downs,1935-07-25,52
184,Joel Martinez,1946-11-20,22
185,Melissa Lewis,1975-01-26,75
186,Adam Estes,1962-04-14,27
187,Bryan Ewing,1983-07-18,36
188,John Medina,1997-01-11,31
189,Monica Myers,1959-07-21,6
190,Jaime Murray,1987-02-16,78
191,Kyle Nguyen,1962-08-01,18
192,Kelly Campos,1941-11-02,69
193,Bridget Mendez,1994-10-25,63
194,Crystal Johnson,1948-11-18,38
195,Sandra Bell,1973-06-29,16
196,Steven Castro,2000-08-07,82
197,William Burns,1974-12-29,58
198,Vanessa Young,1953-04-28,5
199,Theresa Aguilar,1940-09-05,52
200,Rachel White,1934-10-19,32
201,Richard Edwards,1968-09-28,90
202,Katherine Riggs,1969-05-08,10
203,Todd Lawrence,1954-12-12,2
204,Austin May,1932-11-27,85
205,Sandra Vargas,1990-10-08,54
206,Robert Wolfe,2001-06-07,42
207,Laura Martinez,1936-09-26,12
208,Cindy Harrison,1968-01-11,53
209,John Turner,1966-12-11,59
210,Laura Wilson,1935-05-26,81
211,Bryan Hoffman,1944-09-01,70
212,Hannah Dunn,1992-07-23,76
213,Alejandro Shea,1972-08-21,52
214,Valerie Thompson,1993-09-07,47
215,Anthony Mahoney,1977-06-26,102
216,Susan Orozco,1943-12-18,56
217,James Krueger,1956-03-24,34
218,Ronald Williams,1934-01-14,93
219,Anna Smith,1955-10-25,21
220,Marie Thomas,1965-06-22,89
221,Antonio Morgan,1976-07-22,53
222,Craig Patton,1938-08-18,0
223,Kevin Sampson,1945-09-25,100
224,Leroy Brown,1980-11-02,60
225,Katherine Coleman,1943-03-03,46
226,Michael Stone,1977-06-29,23
227,Andrea Flowers,1939-04-24,77
228,Logan Gonzalez,1993-07-05,56
229,Jeffrey Paul,2003-05-26,6
230,Allen Perez,1934-09-13,33
231,Amanda Palmer,2004-06-16,70
232,Brian Morgan,1948-07-24,62
233,Elizabeth Nichols,1943-12-17,16
234,Denise Johnson,1940-11-28,26
235,Kyle Wagner,2001-08-10,32
236,Judith Bradley,1938-02-11,34
237,Rickey Simmons,1980-04-25,22
238,Danny Moore,1997-12-28,4
239,Lisa White,1987-03-06,97
240,Michele Brown,1979-10-26,70
241,Michael Roberts,1988-11-05,6
242,Paul Robinson,1943-06-11,14
243,Brandon Acosta,2001-09-19,23
244,Ariel Roberts,1950-10-11,102
245,Isaac Thompson,1932-09-04,38
246,Jennifer Stone,1949-10-18,61
247,Kristina Walters,1980-08-08,100
248,James Salazar,1954-08-16,68
249,Drew Ward,1981-01-30,77
250,Kara Gilbert,1987-01-09,11
251,Kristina Arias,1975-11-22,99
252,Joshua Liu PhD,1980-12-16,64
253,Susan Hoffman,1955-07-28,84
254,Miss Rebecca Gomez,1976-03-19,7
255,Jay Wilson,1935-12-15,101
256,Gabriel Hamilton,1975-08-07,0
257,Sharon Carroll,1992-07-24,92
258,Donald Campbell,1954-07-23,2
259,Michael Williams,1971-11-25,1
260,Elizabeth Butler,1976-08-11,17
261,Katherine Vargas,1975-07-19,9
262,Kenneth Smith,1996-02-29,24
263,Timothy Tran MD,1943-09-23,32
264,Andre Gonzales,1963-01-11,60
265,Elizabeth Ball,1993-05-19,48
266,John Cooley,1998-10-17,33
267,Robert Schmidt,1994-04-06,42
268,Ronald Gilbert,1953-04-28,94
269,Hayley Jordan,1994-03-01,38
270,Rita Jones,1962-03-12,34
271,Hunter Dorsey,1934-11-27,69
272,Richard Barrera,1960-01-02,87
273,James Shea,1982-10-11,97
274,Amy Martin,1957-05-23,7
275,Michelle Martinez,1996-07-15,59
276,Angel Whitehead,1983-12-09,12
277,Daniel Jimenez,1990-11-17,103
278,Jessica Alexander,1979-11-09,32
279,Allison White,1981-01-03,85
280,Brian Edwards,1947-09-11,46
281,Sarah Dixon,1992-05-27,66
282,Douglas Meza,1997-03-11,77
283,Robert Foster,1942-11-01,89
284,Tanya Mack,1985-08-16,28
285,Sarah Braun,1952-08-15,54
286,Alexandra Gonzalez,1974-12-20,7
287,Kathryn Montgomery,1957-02-07,56
288,Kerri Morrison,1997-12-21,65
289,Ashley Alexander,1939-01-13,28
290,Troy Taylor,1987-11-18,9
291,Jennifer Wright,1967-01-27,31
292,Jennifer West,1949-10-10,74
293,Gary Reyes,1987-03-05,77
294,Jennifer Lindsey,1971-07-11,69
295,Jennifer Perez,1933-10-05,93
296,Ryan Parrish,1983-12-21,42
297,Nicholas Gentry,1987-09-27,73
298,Elizabeth Todd,1996-12-19,44
299,Nicholas Patterson,1945-11-02,27
300,Albert Dillon,1933-12-17,87
301,Lisa Brown,1973-01-22,27
302,Jeffrey Walsh,1973-10-27,103
303,Shannon Smith,1975-04-14,60
304,Janice Frazier,1933-04-09,51
305,Jason Welch,1991-07-14,2
306,Laurie Henderson,1992-04-01,49
307,Vanessa Cowan,1944-08-03,54
308,Patricia Kim,1974-01-17,46
309,Robin Gardner,1998-06-30,29
310,Ryan Henry,2001-07-12,95
311,Melinda Park,1951-04-21,6
312,Jason Ayala,1982-09-04,43
313,Kelly Graves,1989-03-07,35
314,Melissa Sutton,1967-11-18,87
315,Dorothy Taylor,1970-11-12,93
316,James Mclean,1959-02-22,46
317,Sarah Mitchell,1993-03-15,95
318,Carolyn Vincent,1970-08-03,62
319,Robert Cantrell,1939-06-06,4
320,Benjamin Perkins,1949-07-18,27
321,Samantha Rogers,2002-10-07,80
322,Margaret Anderson,1962-08-11,76
323,Austin Atkins,1975-09-02,3
324,Cindy Brown,1996-08-12,98
325,Matthew Hill,2003-02-08,4
326,Lisa Hutchinson,1970-04-01,34
327,Casey Lane,1982-01-04,78
328,Randall Shaw,1936-12-21,38
329,Andrew Mitchell,1971-12-27,35
330,Kenneth Armstrong,1960-05-31,0
331,Lisa Davis,1982-10-17,1
332,Stephen Tapia,1954-05-13,54
333,Tim Blanchard,1945-02-09,57
334,Courtney Oneill,1996-11-12,21
335,Nicholas Johnson,1934-02-08,77
336,Kenneth Wilson,1983-08-05,93
337,Ronald Walters,1981-10-31,0
338,Connor Hernandez,1964-08-17,28
339,Zoe Cox,1968-07-15,57
340,Kelli Bradford,1974-11-16,69
341,David Rivera,1958-01-16,11
342,Michael Barnes,1954-02-10,7
343,Shelley Brown,1943-02-04,39
344,Aaron Velazquez,1932-12-15,72
345,Jamie Smith,1971-10-10,7
346,Maria Armstrong,1945-01-29,95
347,Cynthia Schmidt,1944-12-13,80
348,Laura Brooks,1948-02-15,59
349,Gregg Gonzalez,1998-09-26,4
350,Alyssa Riley,1978-08-31,98
351,Jamie Bridges,1948-04-20,47
352,Christina Martinez,1990-12-06,25
353,Shari Davenport,1956-02-07,27
354,Patricia Larson,1994-01-12,47
355,Nathan Parsons,1936-10-04,7
356,Krista Henderson,1950-09-09,18
357,Jeremy Miller,1985-07-06,4
358,Miss Brooke Hinton,1998-06-21,31
359,Brian Carr,2001-07-01,41
360,Michael Allen,1952-09-29,91
361,Kimberly Little,1943-12-17,48
362,Kaitlyn Munoz,1970-04-18,77
363,Bridget Gordon,1993-08-07,23
364,Joseph Hill,1966-05-16,17
365,Paul Nash,1943-03-22,49
366,Nicole Nelson,1982-04-14,94
367,Luis Adams,1956-02-20,8
368,Kathleen Richardson,1976-03-10,36
369,Timothy Schneider,1964-04-25,100
370,Jasmine Fox,1995-06-04,44
371,Douglas Lawrence,2000-04-10,16
372,Ryan Paul,1984-12-25,0
373,Theresa Miller,1966-01-07,5
374,Barry Cervantes,1938-07-09,19
375,Curtis Smith,1999-08-09,89
376,Donald Flores,1953-12-24,71
377,Logan Stone,1958-05-09,76
378,Christopher Woodward,1959-01-12,59
379,Sharon Tran,2003-07-08,55
380,Cathy Cortez,1963-03-02,87
381,Christopher Baker,1996-01-19,80
382,James Bradley,1943-06-16,23
383,Joe Wilson,1972-03-20,44
384,John Peck,1965-04-08,41
385,Mary Duffy,1985-03-18,84
386,Jasmine Koch,1979-11-14,92
387,Lawrence Hughes,1985-07-27,64
388,Barbara Wu,1968-10-24,27
389,Brianna Watts,1948-05-23,73
390,David Smith,1990-10-12,40
391,Jeremy Butler,2003-09-01,86
392,Amanda Gray,1950-11-01,29
393,Stephanie Richards,1987-11-14,101
394,Jessica Tyler,1937-03-06,94
395,Richard Harrell,1970-05-14,35
396,Joshua Hood,1964-02-12,53
397,Terry Montgomery,1958-09-14,95
398,Kenneth Sutton,1993-10-30,21
399,William Tran,2000-04-20,96
400,Andrew Little,1934-08-12,19
401,Victoria Durham,1958-06-01,18
402,Jessica Mejia,1955-04-30,31
403,Scott Cunningham,1982-11-24,71
404,Lori Zavala,1939-08-24,63
405,Jonathan Miller,1933-12-05,16
406,Jason Garner,1979-07-04,78
407,Laura Henry,1961-08-31,30
408,Ian Ellison,1940-03-24,26
409,Dave Foster,1997-02-15,5
410,Brooke Gamble,1991-03-09,9
411,Kathy Cummings,2000-09-30,45
412,Kelsey Price,1939-10-15,81
413,Sharon Pratt,1997-05-04,67
414,Terri Allen,1952-10-05,103
415,Kelly Ward,1963-09-02,73
416,William Adams,1942-01-15,8
417,Sandra Potts,1963-06-08,39
418,Kristina Ryan,1990-11-12,61
419,Erin Hunter,1961-03-24,71
420,Dr. Samuel White,1952-05-26,1
421,Timothy Copeland,1984-06-03,88
422,Benjamin Clark,1945-06-13,3
423,Andrew Payne,1996-08-31,79
424,Alan Cameron,1973-05-03,30
425,James Bell,1938-04-14,88
426,Haley Richard,1993-12-02,67
427,Teresa Vincent,1997-03-15,5
428,Shawna Gibbs,1996-09-22,103
429,Russell Smith,1936-12-30,27
430,Jonathan Chang,1998-06-12,78
431,Peggy Butler,1956-09-08,32
432,Angela Flores,1945-04-29,24
433,John Garcia,1990-08-12,39
434,Kristen Oconnor,1967-05-27,79
435,Ricky Turner,1936-07-25,97
436,Martin Nelson,1969-03-25,9
437,Leslie Pope,1937-03-22,55
438,Taylor Freeman,1968-10-24,3
439,Harry Holmes,1946-03-10,60
440,Robert Brown,1970-02-19,55
441,Elizabeth Berger,1959-01-11,68
442,Rhonda Sullivan,1933-10-02,3
443,Alexandra Bradley,1987-07-17,33
444,Dr. Justin Campbell II,1958-11-12,86
445,Dylan Roberts,1938-02-21,6
446,Stephen Fowler,1959-11-04,46
447,Danielle Larson DDS,1954-05-09,56
448,Lindsey Flores,1944-09-16,99
449,Lisa Huber,1998-10-08,14
450,Jessica Murphy,1988-11-29,85
451,Eric Chase,1977-09-15,87
452,Christine Jones,1979-11-24,12
453,Tammy Arnold,1976-07-26,59
454,Tyrone Scott,1966-10-23,38
455,Adam Adkins,1991-01-23,35
456,Stephen Santos,1991-03-09,70
457,Timothy Lee,1965-09-14,49
458,Belinda Hall,1987-04-02,49
459,Tonya Porter,1932-04-22,22
460,Guy Diaz,1984-01-25,58
461,Kaitlyn Cunningham,1993-05-16,14
462,Logan Sellers,1953-06-29,20
463,Bob Roy,1983-08-05,95
464,Leslie Wolf,1975-10-29,25
465,John Moore,1964-05-09,76
466,Walter Hughes,1946-02-18,101
467,Erica Diaz,1972-09-22,22
468,Jade Williams,1932-06-29,37
469,Leroy Lawrence,1970-08-28,101
470,Margaret Lam,2000-04-29,40
471,Michelle Porter,1951-06-19,7
472,Rachel Fletcher DDS,1945-12-23,47
473,Mallory Murphy,1998-09-11,52
474,Nancy Arnold,1950-01-17,18
475,Sharon Schroeder,1940-07-15,57
476,Kevin Zuniga,1973-01-01,53
477,Sharon Cunningham,1954-09-22,49
478,Matthew Harper,1932-12-26,49
479,Nicholas Reed,1938-12-11,71
480,Jessica Chavez,1977-09-21,2
481,Mr. Frank Taylor MD,1967-10-20,63
482,Raven Collins,1999-11-20,29
483,Cody Mann,1936-10-08,45
484,George Lara,1955-03-31,66
485,Mr. Scott Foley Jr.,1940-09-01,64
486,Kyle Martin,1984-06-08,13
487,Rebecca Orr,1993-08-11,52
488,James Burch,1950-06-05,100
489,Rhonda Wolf,1967-12-10,60
490,Cory Ball,2004-06-16,59
491,Jaclyn Norris,1949-02-22,76
492,Matthew Nguyen,1949-02-22,4
493,Shelley Lambert,1944-03-31,46
494,Brandy Jarvis MD,1987-10-12,14
495,William Wright,1971-06-03,53
496,Cheryl Short,1970-08-22,1
497,Tammy King,1992-06-21,82
498,Dr. Rachel Day,1988-11-02,9
499,Janet Williams,1952-02-15,86
500,Angela Reyes,1970-09-08,59
501,Luis Valencia,2001-02-16,74
502,Jennifer Hunter,1976-06-11,56
503,Jermaine Lee,1994-12-17,36
504,Jill Ramirez,1986-12-05,79
505,Janet Cisneros,1996-10-11,68
506,Christina Brown,1959-09-05,43
507,Joseph Watson,1971-08-30,41
508,David Griffin,1984-04-18,90
509,Carla Lewis,1976-08-22,63
510,Ivan Montgomery,1953-08-28,75
511,Michelle Nelson,1985-04-22,23
512,Richard Wilkinson,1989-04-15,55
513,Jesse Campbell III,1956-08-30,3
514,Kristen Whitaker,1975-03-18,37
515,Robert Miranda,1989-07-02,103
516,Donald Davis,1942-12-13,65
517,Brooke Porter,1946-02-06,43
518,John Sanchez,1970-10-31,54
519,Kelly Brown,1999-08-05,6
520,Walter Perkins,1944-03-01,2
521,Michael Lynn,1932-11-13,56
522,Matthew Stevenson,1989-08-08,69
523,Mitchell Cannon,1940-11-13,93
524,Matthew Turner,1986-12-01,83
525,Kathryn Perry,1968-10-15,95
526,Tommy Vincent,1940-03-01,100
527,Ashley Jordan,1987-12-10,65
528,Jenny Hughes,1979-03-31,86
529,Julia Morris,1953-03-05,91
530,Logan Jones,1968-08-15,74
531,Jacqueline Montes,2003-04-29,65
532,Bryan White,1980-03-06,101
533,Laura Smith,1950-08-25,38
534,Mary Myers,2001-10-26,5
535,Stacey Wells,1952-02-11,35
536,Katherine Walters,1936-03-23,24
537,Michele Bridges,1951-07-24,19
538,Tanya Choi,1983-12-20,44
539,Joshua Byrd,1982-09-07,67
540,Corey Johnson,1986-04-30,9
541,Heather Greene,1994-12-25,21
542,Brian Sanchez,1945-08-15,41
543,Dr. Leslie Cross,1939-05-07,8
544,Amanda Gibbs,2000-07-17,88
545,Judy Jones,1959-04-23,85
546,Linda Lambert,1971-10-13,57
547,Paige Adkins,1994-07-27,35
548,Barbara Webb,2002-03-30,1
549,Johnny Gray,1958-12-24,23
550,James Hawkins,1943-01-01,55
551,Kelli Stewart,1965-11-27,61
552,Renee Brown,1938-12-23,87
553,Dr. Howard Padilla,1976-01-12,55
554,Richard Benson,1985-05-23,52
555,Cassandra Harris,1934-02-06,52
556,Elizabeth Miller,1945-06-28,86
557,Ryan West,1960-04-09,78
558,Eric Smith,1932-06-10,36
559,Louis Garcia,1941-07-11,54
560,Patrick Hudson,1968-03-14,61
561,Carol Wilson,1976-01-27,40
562,Alyssa Austin,1971-02-03,73
563,Andrew Lee DDS,1940-07-12,48
564,Christopher Mcintosh,1932-01-06,47
565,Ralph Davidson,1940-08-14,101
566,Dennis Mills,1960-04-01,49
567,Pamela Kerr,1992-09-27,21
568,Erin Gordon,1957-09-24,29
569,Teresa Jones,1942-10-18,97
570,Rachael Rodriguez,1989-09-30,44
571,Doris Wallace,1948-12-07,16
572,Leah Bruce,1967-06-03,9
573,Cynthia Brown,1945-02-08,71
574,Joseph Carter,1972-10-14,77
575,Becky Cox,1974-10-21,35
576,Angela Fuentes,1936-02-29,84
577,Jamie Brown,1999-09-25,44
578,Sue Pollard MD,1946-05-22,30
579,Wanda Mccann,1963-03-23,26
580,Jamie Anderson,1995-06-27,64
581,Anna Beltran,1960-12-30,85
582,Jane Watson,1991-12-30,4
583,Beverly Miller,1985-06-25,24
584,John Rodriguez,1946-04-08,34
585,Maria Buchanan,1948-03-19,38
586,Michael Russell,1975-03-08,71
587,Juan Clark,1992-07-15,76
588,Suzanne Smith,1991-01-20,10
589,Richard Foley,1955-10-06,20
590,Dana Yoder,1991-03-25,26
591,Felicia Shepherd,1972-03-01,42
592,Heather Perry,1969-01-12,55
593,Mark Wilson,1939-11-17,6
594,Brandon Ramirez,1957-12-06,19
595,Audrey Aguilar,1962-12-13,15
596,Nicole Miller,1932-02-05,65
597,Jordan Clark,1968-12-24,28
598,Melissa Hunt,1954-11-12,63
599,Brenda Rubio,1972-07-12,10
600,Teresa Serrano,1951-02-01,5
601,Sabrina Gonzalez,1945-08-08,0
602,Kevin Barrera,1995-08-21,93
603,Melissa Harris,1969-11-30,39
604,Lisa Sanchez,1966-11-28,16
605,Paula Carpenter,1986-08-20,89
606,Steve Freeman,1996-01-23,44
607,Michael Williams,1971-08-01,80
608,Linda Stevenson,2002-03-04,11
609,Steven Smith,2003-06-03,86
610,John Castro,1971-08-27,50
611,Ryan Carter,1956-06-13,101
612,Douglas Allen,1978-07-22,62
613,Gregory Green,1966-06-26,17
614,Ryan Jackson,1981-12-29,59
615,Brittany Carrillo,1936-10-05,65
616,Tim Oconnell,1973-12-26,11
617,Leroy Tucker,2002-11-04,99
618,John Thomas,1995-06-17,92
619,Julie Griffin,1933-08-08,90
620,Debra Dunlap,1997-01-18,20
621,Victoria Diaz,1987-08-08,7
622,Michelle Hunter,2003-06-18,57
623,Gavin Campbell,1950-07-15,52
624,Dr. Isabel Lawrence,1953-08-24,38
625,Gary Crane,1994-10-02,27
626,Holly Alexander,1964-03-09,88
627,Christopher Smith,2004-03-03,64
628,Melvin Flores,1999-03-19,51
629,Wendy Alvarez,1983-08-12,20
630,Sharon Gay DDS,1935-06-11,58
631,Jody Sanchez,1987-06-16,56
632,Amanda Hernandez,1984-12-29,8
633,Heather Shelton,1956-09-08,73
634,Andrew Owens,1984-07-05,81
635,Vanessa Clay,1938-03-25,38
636,Amanda Romero,1949-07-09,67
637,Luis Gomez,1956-07-11,90
638,Nathan Dean,1957-02-05,22
639,James Mosley,2001-07-05,18
640,Breanna Cox,1988-01-24,81
641,Austin West,1990-06-24,11
642,Diane Anderson,1963-10-16,0
643,Eric Moore,1937-08-22,21
644,Patrick Richardson,1991-07-02,56
645,Nancy Joseph,1949-12-02,95
646,Tracy Schneider,1948-08-29,20
647,Jill Powell,1946-05-27,12
648,Robert Flowers,1991-04-30,34
649,Linda Pacheco,1940-12-06,33
650,Timothy Thomas,1956-06-02,46
651,William Oneill,1987-03-18,17
652,Destiny Scott,1942-02-16,11
653,Donald Esparza,2004-11-15,76
654,Amber Collins,1994-06-12,88
655,Sarah Rowe,1981-10-31,61
656,Adriana Ball,1971-11-11,55
657,Heather Marshall,1973-04-24,36
658,Keith Durham,1962-11-17,34
659,Jacob Wilkinson,1970-12-02,82
660,John Harris,1964-05-16,103
661,Brooke Miller,1992-01-10,100
662,Valerie Smith,1969-12-16,45
663,James Ford,1988-08-13,25
664,Daniel Moore,1939-11-22,103
665,Jo Anderson,1935-06-18,81
666,Kevin Coleman,1953-06-11,76
667,Jocelyn Bradford,1988-09-29,85
668,Nicole Weiss,1934-11-28,22
669,Luke Hahn,1987-07-08,95
670,Linda Sullivan,1963-04-21,90
671,Juan Scott,1948-09-24,6
672,Michael Vazquez,1956-07-14,60
673,Ivan Castro,1955-04-22,40
674,Leah Taylor,1966-02-08,54
675,Adam Rodriguez,2002-03-18,30
676,Terri Cantrell,1937-08-03,32
677,Amy Montoya,1969-05-05,69
678,Joshua Burnett,1985-04-27,77
679,Cathy Mejia,1978-05-20,46
680,Cole Smith,1995-03-09,52
681,Allison Riley,1995-09-03,70
682,Tyrone Thomas DDS,1998-09-16,32
683,Dawn Lara,1969-09-18,19
684,Claudia Schaefer,1991-04-16,16
685,Megan Caldwell,1992-02-28,10
686,James Bates,1952-03-15,42
687,Michael Steele,2000-08-04,3
688,Regina Neal,1969-01-12,42
689,Whitney Reynolds,1958-12-25,42
690,Kimberly Hoffman,1970-11-07,78
691,Clayton Miller,2001-08-07,97
692,Katie Jones,1974-07-29,92
693,Julia Johnson,1994-02-02,40
694,George Snyder,1967-11-19,63
695,Roberto Wyatt,1950-02-04,103
696,Tanner Holloway,1960-06-19,61
697,Lisa Hodges,1968-03-30,39
698,Stephen Gallegos,1944-06-10,89
699,Crystal Munoz,1974-11-16,39
700,Timothy Taylor,1942-04-30,54
701,Kathy George,1994-12-06,27
702,Amber Stewart,1969-07-29,93
703,Karen Rivera,1982-12-19,81
704,David Avila,1954-03-15,89
705,Jason Grant,1934-01-26,0
706,Michael Stanley,1989-08-03,96
707,Jenny Kerr,1970-09-13,23
708,Chase Walker,1962-07-15,1
709,Joel Powell,1985-06-12,89
710,James Buck,2003-04-28,57
711,Bryan Mcpherson,1967-10-01,85
712,Christy Johnson,1933-07-07,45
713,Geoffrey Wheeler,1967-02-25,7
714,Logan Rios,1933-04-22,54
715,Brooke Carter,1964-09-01,14
716,George Grant,1991-09-03,0
717,Kara Drake,1988-07-14,28
718,Vanessa Acevedo,1999-07-28,49
719,Audrey Harper,2000-01-19,5
720,Amanda Estrada,1938-03-02,81
721,Calvin Phillips,2001-01-04,46
722,Brandon Cardenas,1974-08-06,26
723,Shannon Mercado,1978-10-09,99
724,Pamela Orozco,2001-07-06,48
725,Joseph Frazier,1939-05-06,1
726,Morgan Barker,1945-06-28,93
727,Deanna Hall,1969-04-04,85
728,Eric Green,1944-06-04,19
729,Angela Zuniga,1958-06-07,58
730,Johnny Smith,2000-10-13,35
731,Jennifer Davis,1962-04-30,58
732,Jennifer Henderson,1954-10-30,44
733,Erin Keith,1947-05-10,27
734,Brandon Jacobs,1965-07-10,61
735,Mary Underwood,1983-01-14,75
736,Shaun Garcia,1997-05-24,83
737,Victor Ayers,1986-10-09,37
738,Benjamin Rios,1971-02-27,8
739,Karen Rodriguez,1963-12-28,16
740,Christopher Clark,1984-02-24,11
741,Destiny York,1967-01-15,1
742,Justin Baker,1961-09-14,27
743,Haley Oconnell,1950-06-02,15
744,David Hernandez,1976-11-28,43
745,Gary Wright,1968-04-03,31
746,Edward Dillon,1991-11-19,50
747,Steve Taylor,1972-06-30,5
748,Rebecca Scott,1995-09-29,12
749,John Mcintosh,1936-12-20,74
750,Julian Raymond,1938-05-09,72
751,Christopher Robles,1946-09-22,51
752,Alfred Estrada,1954-02-02,79
753,Jodi Sherman,1973-07-15,34
754,Brian Crawford,1949-05-17,21
755,Abigail Lewis,1993-04-22,34
756,Nicole Bates,1960-11-24,99
757,Anna Walker,1932-12-17,86
758,Robert Wang,1982-06-26,50
759,Jennifer Wiggins,1958-08-29,91
760,Deborah Coleman,1995-08-10,3
761,Ryan Cole,1956-02-04,47
762,Regina Rodriguez DVM,1968-12-05,100
763,Dustin Russell,1984-09-23,5
764,Daniel May,1934-11-27,56
765,Mark Chen,1980-10-22,51
766,Cassandra Hernandez,1939-11-06,34
767,Marissa Coleman,1950-02-01,41
768,Alexis Roberts,1986-05-24,16
769,Raymond Edwards,1962-05-24,2
770,Johnathan Rosario,1961-01-21,15
771,Alexandra Yates,1973-10-02,34
772,Monique Martinez,1973-04-14,12
773,Tara Baker,1966-09-01,35
774,Troy Combs,1969-05-19,18
775,Michael Sellers,1988-10-19,64
776,Jamie Moore,1950-07-10,18
777,Danielle Robertson,1968-05-25,102
778,Rodney Hanson,1983-06-28,96
779,Carl Serrano,1970-08-02,102
780,David Dennis,1984-09-25,52
781,David Fox,1941-04-06,71
782,Anna Wise,1935-03-23,41
783,Robert Rocha,1998-09-29,50
784,Frank Vincent,1996-05-18,81
785,Pamela Graham,1953-01-31,93
786,Gene Lowery,1941-02-20,90
787,Manuel Bush,1998-02-27,2
788,Brandy Jones,1949-10-21,80
789,Sarah Copeland,1946-03-19,45
790,Stephanie Poole,2000-02-10,37
791,Heather Moore,1990-07-30,4
792,Jorge Payne,1941-12-27,24
793,Mrs. Deanna Nelson,1989-08-08,100
794,Samantha Brandt MD,1955-09-12,18
795,Steven Ho,1984-09-01,96
796,Melissa Garrison,1982-03-19,30
797,Mark Davis,1975-01-21,49
798,Holly Hogan,1966-11-24,14
799,William Hanson,1966-11-04,96
800,Ryan Jefferson,1947-09-19,38
801,Barbara Peterson,1982-02-11,12
802,Robert King,1984-03-09,102
803,Cristian Graham,1934-01-23,36
804,Victoria Kelly,1994-04-06,8
805,Nancy Kelley,1972-10-27,9
806,Renee Willis,1999-09-27,66
807,Daniel Robinson,1935-03-16,55
808,Vicki Scott,1979-11-08,19
809,Chase Mcclure,1991-10-25,94
810,Bailey Mason,1978-05-08,90
811,Anthony Thompson,1952-06-05,16
812,Anne Kerr,1994-08-09,39
813,Katie Williams DDS,1945-09-10,31
814,Joseph Owens,1989-03-31,86
815,Jessica Decker,1949-02-09,60
816,Justin Stewart,1951-03-27,60
817,Donna Cook,1974-06-01,22
818,Sarah Newman,1937-08-01,52
819,Scott Knight,1949-08-24,100
820,Charles Middleton,1932-01-06,24
821,Victoria Madden,2004-08-11,12
822,Rachael Ferguson,1944-09-06,3
823,Christian Davis,1936-03-14,9
824,William Simmons,1954-08-16,95
825,Cassandra Thornton,2002-08-09,71
826,Heather Tucker,1997-06-24,69
827,Marcus Harris,2001-03-16,39
828,Brittany Brewer,1954-12-18,89
829,Billy Castillo,1941-05-22,103
830,Alexis Smith,1977-07-20,36
831,Amy Jackson,1968-06-30,77
832,Brandy Davis,1948-08-09,102
833,Sharon Morgan,1988-09-07,6
834,Brian Thomas,1967-06-07,51
835,Sarah Taylor,1977-04-19,9
836,Martin Delgado,1948-05-29,11
837,Sylvia Ortiz,1998-11-19,38
838,Julie Orozco,1957-11-01,41
839,David Wells,1980-10-13,49
840,Shawn Smith,1948-06-26,10
841,Leslie Ortiz,1953-04-03,81
842,Ashley Rich,1952-03-13,78
843,Mary Carr,1942-08-22,100
844,Anthony Jones,1997-04-10,53
845,Mrs. Lisa Harris,1974-03-02,42
846,John Kemp,1936-01-03,30
847,Cory Franco,1989-07-09,16
848,Mike Barry,2001-01-29,72
849,Kelly Hernandez,1958-12-15,8
850,Erica Turner,1951-03-20,48
851,Krista Morgan,1970-11-07,35
852,Jorge Rodriguez,1994-09-16,29
853,Benjamin Ellis,1954-01-04,14
854,Michelle Sherman,1994-04-09,88
855,Michael Bentley,1971-05-12,65
856,Thomas Mullins,2000-01-04,84
857,Bobby Harmon Jr.,2000-05-05,80
858,Justin Thomas,1943-06-19,73
859,Karen Martin,1941-08-18,87
860,Nathan Cain,1974-06-17,70
861,Angela Mcgee,2002-09-18,54
862,Monique Chaney,1948-07-11,76
863,Douglas Murray,1974-07-04,75
864,Angelica Burns,1973-02-08,76
865,Benjamin Smith,1980-01-17,98
866,Jessica Black,1992-06-20,4
867,Kenneth Alvarez,1957-05-08,44
868,Jordan Taylor,1960-08-10,48
869,Rachel Garza,2002-08-31,58
870,Bruce Coffey,1993-02-26,71
871,Mary Atkinson,1939-07-29,38
872,Sean Anthony,1933-12-04,40
873,Mary Wolf,1944-12-06,58
874,Patrick Martin,1943-08-29,100
875,Michael Andrews,1995-04-04,98
876,Anthony Bell,1957-05-10,86
877,Christine Smith,1971-06-21,12
878,Ryan Alexander,1971-08-24,17
879,Johnny Rodriguez,1939-12-06,68
880,Tonya Perez,1991-01-14,12
881,Michael Parker,1958-06-22,9
882,Trevor Ruiz,1975-02-06,48
883,Tony Bell,1971-05-17,66
884,Dale Smith,1968-12-26,36
885,Charles Wilson,1933-12-07,16
886,Fred Velazquez,1970-12-29,87
887,Danielle Garcia,1988-02-29,84
888,David Jacobs,1960-10-26,18
889,Brent Rhodes,1935-11-03,16
890,Justin Sherman,1935-01-13,5
891,Ariana Jacobs,1942-10-09,55
892,Gina Jones,1956-11-19,4
893,Dawn Matthews,1935-12-25,17
894,Jesse Lewis,1975-03-14,82
895,Erin Perez,2000-01-28,70
896,Andre Cole,1976-08-03,72
897,Larry Garcia,1998-10-25,25
898,Heather Small,1969-01-08,98
899,Christopher Montgomery,1987-09-17,9
900,Anne Potts,1972-03-03,94
901,Larry Roberts,1956-06-13,73
902,Angela Reynolds,1997-04-11,24
903,Tammy Green,1943-04-02,79
904,Samantha Hall,1968-03-22,14
905,Brianna Rice,2003-12-02,36
906,Juan Becker,2002-02-08,99
907,Thomas Bond,1990-02-09,103
908,David Sanchez,1955-06-28,91
909,Gary Harris,1998-11-13,25
910,Benjamin Boyd,1978-04-25,29
911,Jerry Mitchell,1968-11-04,15
912,Stephanie Rodgers,1947-02-02,86
913,Cynthia Hammond,1993-06-28,30
914,William Johnson,1978-10-28,47
915,Brent Richardson,1981-07-19,45
916,April Allen,1970-04-29,67
917,Taylor Myers,1979-05-16,86
918,Brad Huerta,1938-05-19,85
919,Jaime Brown,1959-04-03,11
920,Melissa Horton,1984-02-19,16
921,Heather Williams,1981-05-12,86
922,Roberto Wilson,1986-11-02,66
923,Melanie Williams,1998-07-17,1
924,Samantha Phillips,1955-08-09,0
925,Laurie Banks,1944-04-26,18
926,David Edwards,1974-09-14,19
927,James Wagner,1972-01-21,66
928,Gary Alexander,1976-01-12,95
929,William Reed,1993-02-19,77
930,Anthony Rodriguez,1954-02-26,90
931,Anna Burns,1960-12-02,74
932,Ronald Long,1981-10-12,67
933,Matthew Lopez,1983-07-09,47
934,Maxwell Kramer,1969-12-09,78
935,Joshua Colon,1967-01-27,73
936,Jamie Gaines,1955-04-02,28
937,Emma Roach,1970-04-15,31
938,Richard Davila,1942-05-16,22
939,Kathleen Scott,1982-04-16,7
940,Caitlin Kent,1977-12-25,45
941,Robert Livingston,1944-11-08,31
942,David Galloway,1988-09-07,49
943,Elizabeth Price,1932-01-19,96
944,Peter Pena,1967-06-24,65
945,Richard Mccoy,1994-01-22,77
946,Anthony Travis,1977-11-19,60
947,Andrew Faulkner,1993-11-22,35
948,Elizabeth Rasmussen,1994-03-14,21
949,Martin Tran,1960-02-13,57
950,Allen Jones,1981-10-18,12
951,Jamie Suarez,2000-07-07,22
952,Kimberly Hawkins,1955-03-14,97
953,Jonathan Todd,1952-05-15,27
954,Heather Garcia,1932-09-26,70
955,James Gonzalez,1990-05-02,5
956,Justin Lawrence,1958-06-06,92
957,Miranda Morgan,1947-11-09,54
958,Andrew Mcintosh,1940-04-25,49
959,Michael Williams,1985-02-19,38
960,Steven Crawford,1976-01-13,47
961,Stephanie Torres,1976-08-10,30
962,Christy Burton,1951-06-10,51
963,Laura Smith,1947-03-05,94
964,Paul Cooley,1984-11-13,9
965,Regina Patel,1983-05-16,83
966,Mrs. Sandra Garcia MD,1988-05-21,3
967,Justin Hayes,1993-04-27,37
968,Rachel Farmer,1943-09-26,88
969,Daisy Osborn,1953-05-30,51
970,James Shannon,1976-10-14,65
971,Stanley Clark,1965-07-18,73
972,Hayley Miller,2000-09-02,27
973,Geoffrey Petersen,2004-02-06,12
974,Anne Mendoza DDS,1982-09-03,58
975,Peter Williams,1942-11-01,45
976,Laura Morris,1949-12-23,77
977,John Jones,1946-02-21,22
978,Carla Terry,1950-05-12,40
979,Danielle Lutz,2002-10-05,79
980,Christopher Ramirez,1982-05-07,12
981,Steven Aguilar,1960-06-23,48
982,Jason Wilson,1943-03-10,2
983,Jessica Garcia,1971-04-09,92
984,Tanya Martinez,1988-10-25,30
985,Amy Edwards,1960-01-05,37
986,Nicholas Branch,1967-03-13,74
987,Antonio Lee,1938-01-12,64
988,Jeffery Sellers,1977-12-18,101
989,Christopher Arroyo,1964-09-28,56
990,Benjamin Garrett,1967-01-15,97
991,Christopher Bailey,1988-11-07,57
992,Linda Smith,1973-07-04,11
993,Alexander Simmons,2003-01-03,5
994,Zachary Acevedo,1947-04-07,10
995,Mr. Stephen Gutierrez,1935-08-06,74
996,Rachel Castillo,1985-08-01,30
997,Jeffery Osborne,1998-06-06,22
998,Dawn Lloyd,1937-09-22,17
999,Lisa Sheppard,2002-07-18,94
1000,Lori Nguyen,1949-11-29,21
1001,Gerald Fields,1958-12-17,47
1002,Veronica Ewing,1941-02-10,81
1003,Kimberly Keith,1946-07-19,42
1004,Gerald Martin,1956-09-01,50
1005,Benjamin Calderon,2004-12-09,59
1006,Rachel Powell,1956-08-01,46
1007,Megan Ray,1996-07-13,70
1008,Joseph Hernandez,1996-12-18,36
1009,Sandra Owen,1986-01-24,57
1010,Lisa Diaz,1998-11-01,11
1011,Angel Potter PhD,1964-08-05,7
1012,Erin Smith,1992-04-29,57
1013,John White,2002-08-12,6
1014,Victor Graves,1955-07-03,35
1015,Michelle Williams,1978-03-13,86
1016,Stephanie Butler,1992-08-22,23
1017,Malik Maddox,1936-01-19,72
1018,Joan Campos,1972-03-03,78
1019,Erin Rodriguez,1955-02-14,6
1020,Charles Jenkins,1958-02-17,66
1021,Destiny Flores,1948-09-25,97
1022,Paula Bartlett,1990-05-19,0
1023,Elizabeth Brown,1957-02-02,13
1024,Christian Meyer,1949-01-03,96
1025,Nicole Conway,1972-01-19,98
1026,Grace Collins,1988-01-25,99
1027,Andrew Johnson,2004-06-03,93
1028,Victor York,1932-02-21,9
1029,Monica Willis,1955-11-14,66
1030,Keith Bernard,1956-09-06,18
1031,Tracy Watkins,1968-07-22,24
1032,Madeline Middleton,1975-06-06,90
1033,Wayne Adams,1966-06-14,75
1034,Dustin Jones,1971-09-02,68
1035,Samantha Gonzalez,1937-12-14,76
1036,Aaron Miller,1942-01-01,99
1037,Rachel Waters,1960-11-28,81
1038,Carolyn Wright,1994-07-09,103
1039,Gregory Lewis,1970-07-27,71
1040,Ryan Garcia,1936-10-02,13
1041,Anthony Gonzalez,1991-07-07,69
1042,James Walls,1952-10-21,78
1043,Kim Green,2000-02-21,37
1044,Tracy Montgomery,2000-10-12,40
1045,Cynthia Adams,1988-04-21,20
1046,Hayden Burns PhD,1993-08-16,86
1047,Chad Moore,1960-06-20,50
1048,Tami Padilla,1966-12-06,58
1049,Gabriella Turner DDS,2004-11-02,85
1050,Crystal Gilbert,1948-11-01,48
1051,Lisa Oliver,2004-10-07,101
1052,Julia Roberts,1944-04-10,67
1053,Deborah Martin,1963-04-24,25
1054,Kristen Gross,1997-12-04,41
1055,Joshua Wilson,1938-07-10,22
1056,Monica Davis,1986-05-07,92
1057,Kurt Harper,2001-07-04,20
1058,Dana Washington,1942-07-01,91
1059,Kristy Richardson,1986-01-31,41
1060,Sabrina Diaz,1954-01-05,80
1061,Lindsey Williams,1937-04-14,47
1062,Stacey Rodriguez,1939-07-27,36
1063,Amy Contreras,1937-08-22,9
1064,Richard Robinson,1994-12-15,9
1065,Monique Leonard,1967-07-22,92
1066,Donna Garcia,1961-08-29,49
1067,Michael Nash,1981-04-09,31
1068,Brent Hill,1954-02-18,67
1069,Ricky Miller,2004-09-22,96
1070,Megan Schultz,2002-12-13,86
1071,Mike Potter,1971-04-05,93
1072,Jennifer Callahan,1988-08-25,61
1073,John Flores,1934-01-25,35
1074,Laura Park,1945-04-15,63
1075,Rebecca Smith,1940-04-09,101
1076,Mrs. Stacy Macias MD,1997-02-07,2
1077,Shawn Davis,1995-10-23,56
1078,Chelsea Jackson,1947-01-09,46
1079,Benjamin Barnes,1932-08-11,65
1080,Margaret Ray,1998-02-24,25
1081,Patrick Garcia,1946-02-06,34
1082,Derek Moore,1970-11-05,100
1083,Johnny Nguyen,1934-05-30,50
1084,James Gordon,1959-07-07,48
1085,Judy Young,1943-09-04,69
1086,Brandon Pitts,1943-06-19,0
1087,Heather Hicks,1985-07-04,31
1088,Lisa Hill,1966-05-06,63
1089,Sarah Parsons,1947-02-25,36
1090,Margaret Hicks,1986-10-21,6
1091,Brittany Campbell,1961-10-04,32
1092,Logan Holder,1934-02-26,28
1093,Tristan Weber,1953-03-25,81
1094,Joshua Reyes,1949-10-16,15
1095,Johnny Bryant,1935-12-28,22
1096,Jamie Lewis,1944-08-18,29
1097,Dustin Green,2000-09-11,51
1098,Cynthia Johnson,1944-09-23,87
1099,Wanda Cook,1990-06-25,2
1100,Michael Kelly,1940-08-31,43
1101,Allison Daniels,1945-01-26,59
1102,Connie Sanchez,1938-08-30,102
1103,Michelle Brown,2004-12-09,47
1104,Diana Walsh,1972-04-11,7
1105,Matthew Gonzalez,1991-01-27,59
1106,Catherine Garcia,1995-10-30,48
1107,Adam Harmon,1995-12-10,66
1108,Dr. Andrew Oneill,1949-08-11,23
1109,Timothy Kirby,1991-06-23,32
1110,Diana Peters,1995-06-17,47
1111,Shannon Coleman,1992-03-13,50
1112,John Johnson,1975-08-30,96
1113,Pamela Murphy,1941-04-08,89
1114,Dale Fernandez,1979-07-25,50
1115,Michael Curry,1997-12-22,8
1116,Madison Carter,1951-11-15,11
1117,Laura Chang,1976-04-21,18
1118,Philip Roberts,1965-11-18,67
1119,Dominic Jones,2001-07-04,81
1120,Jason Greene,1971-05-08,23
1121,Jerry Ford,1966-08-12,101
1122,James Anderson,1957-04-10,49
1123,Michelle Henderson,1964-01-19,65
1124,Lauren Lopez,1942-06-12,82
1125,Dale Valdez,1973-09-26,88
1126,Justin Meyer,1949-08-22,1
1127,John Haley,1980-06-19,14
1128,Ryan Simmons,1946-04-21,43
1129,Mark Brown,2003-01-02,101
1130,Joseph Baxter,1969-02-12,3
1131,Leslie Reyes,1960-08-21,12
1132,Susan Simon,1959-08-11,79
1133,John Lopez,2000-04-09,100
1134,Marie Taylor,1962-05-13,6
1135,Cheryl Peterson,1951-01-02,93
1136,Lisa Coleman,1953-11-15,46
1137,Brandi Campbell,1962-07-02,68
1138,Michael Jenkins,1975-05-07,9
1139,Anthony Rush,1957-07-29,12
1140,Juan Farmer,1965-09-24,10
1141,Mr. Jacob Juarez MD,1954-04-03,102
1142,Kayla Thompson,1983-09-26,33
1143,Garrett Gray,1975-08-07,67
1144,Laurie Barton,1995-09-20,80
1145,Joseph Wilson,1949-07-16,10
1146,Robert Perez,1981-09-19,75
1147,Dr. Jessica Tucker,1944-07-31,43
1148,Valerie Weaver,1946-08-05,45
1149,Johnathan Hernandez,1946-07-18,11
1150,Michael Hamilton,1990-01-23,46
1151,Dylan Lewis,1967-01-09,46
1152,Matthew Williams,1950-03-02,85
1153,Ryan Elliott,1974-11-14,48
1154,Mr. Gregg Moore,1986-12-27,54
1155,Angelica Thomas,1933-03-28,56
1156,Christopher Gonzalez,1974-01-22,72
1157,Carrie Gray,1957-03-09,7
1158,Melinda Walsh,1960-01-09,64
1159,Joyce Reed,1970-02-10,50
1160,Amy Hall,1969-02-16,46
1161,Eric Cortez,1981-03-14,20
1162,Brian Guerrero,1983-06-26,98
1163,Aaron Ryan,1933-02-23,43
1164,Kevin Martin,1948-03-15,58
1165,Rhonda Cole,1967-10-28,84
1166,Richard Scott,1955-10-29,84
1167,Stephen Stuart,1971-12-26,46
1168,Robert Sullivan,1958-08-12,63
1169,Joshua Lopez,1952-09-10,32
1170,Carl Santana,1994-07-28,23
1171,Leah Smith,1995-07-11,30
1172,Sarah Johnson,1968-09-03,68
1173,Alexandra Smith,1946-06-27,5
1174,Whitney Collins,1972-06-01,12
1175,Darlene Wilkins,1965-06-02,20
1176,Eric Jordan,1979-10-10,98
1177,Kimberly Reed,1950-03-27,19
1178,Darren Pittman,1974-04-09,45
1179,Ryan Church,1935-08-11,22
1180,Taylor Wheeler,2003-07-12,101
1181,Michelle Walker,1968-05-31,39
1182,Dean Hernandez,1943-12-31,81
1183,Julie Soto,1977-01-25,100
1184,Sheena Jones,1996-07-26,2
1185,James Lester,1941-11-02,37
1186,Morgan Vasquez,1941-01-14,66
1187,Michael Gonzalez,1987-09-09,19
1188,Kevin Barrera,1943-07-24,42
1189,Jennifer Young,1997-02-22,26
1190,Robert Mckinney,2002-05-19,18
1191,Joseph Hill,1994-03-22,63
1192,Kyle Townsend,1963-11-01,23
1193,Sharon Jackson,1938-06-18,85
1194,Scott Bush,1962-04-15,77
1195,Theresa Gomez,1944-09-15,64
1196,Michael Alexander,1998-06-25,86
1197,Yolanda Francis,1937-09-15,68
1198,Kimberly Ewing,1976-11-23,6
1199,Yesenia Mcdonald DDS,1968-03-19,2
1200,Juan Hall,1985-01-06,20
1201,Chad Hall,1993-05-26,57
1202,Kevin Simmons,1981-10-03,4
1203,Anna Tyler,1979-01-23,6
1204,Michelle Poole,1937-06-07,36
1205,Shawn Jones,1973-09-19,69
1206,Nicholas Johnson,1962-06-11,30
1207,James Spencer,1934-11-17,92
1208,Christopher Jones,1956-02-28,9
1209,Sharon Cohen,1957-02-28,20
1210,Kelly Wilson,1970-11-03,88
1211,Kathryn Bailey,1988-06-25,8
1212,Samantha Spears,2002-09-04,2
1213,Jamie Hanna,1963-03-10,65
1214,Nicole Adams,1986-03-26,25
1215,Ashlee Cortez,1981-04-25,69
1216,Jason Carroll,1961-08-28,77
1217,Tamara Delacruz,1996-03-18,22
1218,Elizabeth Donaldson,1963-11-14,70
1219,Mary Colon,1986-11-05,73
1220,Maria Clark,1947-01-21,57
1221,Susan Matthews,1997-11-04,48
1222,William Barr,1959-04-25,36
1223,Tyler Bell,2001-06-21,79
1224,Kelly Smith,2000-01-09,6
1225,Laura Wright,1993-10-03,28
1226,Michael Barnes,1938-11-24,96
1227,Kevin Wong,1936-06-29,3
1228,Ashlee Roberts,1966-06-14,79
1229,Shannon Cole,1988-08-04,2
1230,Justin Wallace,1988-06-01,89
1231,Noah Cohen,1945-12-26,43
1232,Michael Benton,1980-08-28,87
1233,Linda Norton,1997-05-17,23
1234,Jennifer Roberts,1961-03-23,39
1235,Oscar Jordan MD,1958-11-30,20
1236,Alexander Brock,1959-10-28,1
1237,Greg Foster,1936-03-12,81
1238,Michael Lin,1940-01-13,20
1239,Rebecca Hall,1979-12-23,22
1240,Joyce Christensen,1994-12-04,101
1241,Tonya Sandoval,1986-11-10,10
1242,Kristy Webb,1955-01-19,45
1243,Priscilla Andrews,1998-02-06,24
1244,Christopher Avila,1998-07-02,67
1245,Amber Contreras,1950-08-04,17
1246,Sharon Vasquez,1941-04-12,30
1247,Jonathan Graham,1965-05-15,89
1248,Jacqueline Callahan,1938-10-13,63
1249,Jillian Shah,1995-06-06,9
1250,Hunter Roberts,1980-01-14,6
1251,Jessica Ramirez,1997-01-04,17
1252,Michele Gonzales,2002-06-06,0
1253,Diana Chavez,1992-08-02,35
1254,Jenna Newman,1988-10-07,99
1255,James Sullivan,1987-07-07,30
1256,William Mckinney,1934-11-23,87
1257,Autumn Mitchell,1975-08-22,49
1258,Amy Morris,1966-12-19,14
1259,Scott Schneider,1975-05-23,59
1260,Daniel Turner,1977-08-27,102
1261,Timothy Davis,1971-04-02,59
1262,Joe Robbins,1985-02-07,87
1263,Richard Griffin,1998-01-13,89
1264,Tom Smith,1996-01-08,68
1265,Joseph Adkins,1954-06-21,39
1266,Jasmine Ford,1961-04-28,68
1267,Travis King DDS,1964-06-21,27
1268,Kelly Foster,1986-09-17,48
1269,Madison Mitchell,1947-11-29,15
1270,Laura Scott,1958-02-13,35
1271,Robert Carroll,1937-01-03,62
1272,Mary Sims,1994-06-11,87
1273,Mary Williams,1938-01-24,92
1274,Maria Santos,1994-11-30,3
1275,Brandon Butler,1990-12-08,101
1276,Paul Mendez,1983-12-01,9
1277,William Henderson,1984-09-20,96
1278,Patrick Howard,1972-08-15,49
1279,Roberto Clark,1953-01-11,68
1280,Marissa Harris,1977-12-14,102
1281,James Martin,1998-06-21,53
1282,Jack Cohen,1981-10-11,2
1283,Christopher Lewis,1940-12-12,30
1284,Rebecca Bradley,1946-08-29,52
1285,Stephen Clark,2002-11-09,16
1286,Matthew Wagner,1997-09-07,50
1287,Ashley Hall,1982-04-02,43
1288,Justin Sanchez,1960-04-05,11
1289,Douglas Evans,1986-02-28,64
1290,Mark Gutierrez,1939-11-11,46
1291,Steven Brady,1998-11-09,24
1292,James Sanchez,1948-04-07,1
1293,Colleen Moore,1964-07-08,69
1294,John Mitchell MD,1967-03-21,84
1295,Mary Ferguson,1989-06-05,93
1296,John Pratt,1971-08-21,54
1297,Stephen Baker,1998-03-16,30
1298,Heather English,1982-06-14,11
1299,Debbie Johnson,1941-10-14,90
1300,Michelle Bush,2003-02-14,92
1301,Sarah Stokes,1956-03-20,48
1302,Jason Fowler,1969-09-12,72
1303,Denise Buck,1958-09-07,76
1304,Jose Davis,1953-03-16,48
1305,Alyssa Combs,1986-10-06,24
1306,Anne Moore,1954-05-11,67
1307,Jessica Miller,1977-06-10,90
1308,Billy Armstrong,1990-02-27,27
1309,Annette Bradford,1989-06-08,77
1310,Mrs. Rachel Jackson,1953-04-16,5
1311,Sarah Cox,1956-12-02,10
1312,Joel Wood,1995-06-06,12
1313,Leah Miller,1936-10-25,43
1314,Kelly Hicks,1936-11-18,66
1315,Laura Scott,1942-05-26,99
1316,Mrs. Sierra Moore,1975-12-28,45
1317,Mario Mccullough,1991-11-24,30
1318,Matthew Obrien,1974-01-08,3
1319,Leslie Johnson,1949-07-01,52
1320,Joseph Murillo,1976-12-03,4
1321,Angel Jones,1991-04-25,74
1322,Emily Anderson,1979-09-14,69
1323,Michael Zimmerman,1982-05-02,75
1324,Diana Stewart,1994-10-28,29
1325,Carl Cole,1973-07-19,50
1326,Andrew Baxter,1942-02-21,78
1327,Thomas Fisher,1945-04-15,25
1328,Debra Schwartz,1998-10-26,58
1329,Timothy Benson,1953-03-20,16
1330,Jonathan Stokes,1982-05-15,82
1331,Jessica Lee,1987-02-19,55
1332,Stacy Weaver,1932-05-30,92
1333,April Ruiz,1997-03-29,77
1334,Lisa Hayes,1952-12-15,22
1335,James Villarreal,1982-09-04,92
1336,Reginald Young,1957-08-31,89
1337,Kimberly Stewart,1940-01-06,14
1338,Curtis Frederick,1969-07-29,103
1339,Danny Reyes,2001-09-04,90
1340,Sarah Woods,1936-09-25,101
1341,Heidi Washington,2003-10-08,79
1342,Lucas Bell,1966-06-30,87
1343,Adam Marquez,1977-11-28,68
1344,Alexandra Armstrong,1990-11-25,88
1345,Sarah Mclaughlin,1981-05-04,21
1346,Jose Watson,1952-10-11,57
1347,Crystal Long,1987-10-26,64
1348,Amy Fry,1992-08-20,101
1349,April Shields,1995-03-29,5
1350,Charlene Lee,1974-07-28,47
1351,Taylor Hawkins,1971-09-07,32
1352,Miguel Combs,1984-04-22,31
1353,Larry Cooper,1937-09-27,43
1354,Jorge Salazar,1968-03-25,11
1355,Erika Newman,1949-05-27,46
1356,Nicole Peterson,1978-02-02,5
1357,Sherry Roach,1989-01-04,96
1358,Eric Wang,1992-02-14,93
1359,Andrew Gonzales,1972-09-13,85
1360,Jon Roth,1945-12-23,26
1361,Raymond Adams,1993-11-16,41
1362,Jason Reed,1977-08-22,103
1363,Amanda Hernandez,1940-09-07,81
1364,Stacy Thompson,1950-02-25,30
1365,Cody Rose,1938-08-10,54
1366,Ryan Rodriguez,1953-10-21,91
1367,Jack Ferguson,1943-07-15,32
1368,James Johnson,1953-05-24,56
1369,Andrew Rose,1982-06-26,82
1370,Andrew Ortega,1977-08-01,71
1371,Cynthia Schmidt,1972-06-02,44
1372,Toni Martin,1966-06-13,20
1373,Heather Snyder,1978-07-02,32
1374,Anthony Dennis,1950-07-02,17
1375,Kristin Tran,1937-08-08,83
1376,Brenda Mata,1984-06-03,56
1377,Sarah Harris,1969-02-03,94
1378,Teresa Hill,1935-08-20,40
1379,Jeffrey Richardson,1999-09-13,13
1380,Kara Watkins,1962-12-09,100
1381,Grace Hicks,1955-06-13,48
1382,Taylor Ward,1962-10-10,36
1383,Laura Bradford,2001-12-07,58
1384,Candace Jackson,1951-01-27,28
1385,Justin Hayes,1932-09-16,17
1386,David Garcia,1984-08-27,40
1387,Douglas Bryant,1987-04-15,86
1388,Carly Jacobs,1934-04-13,54
1389,Rachel Romero,2004-07-06,74
1390,Michael Campbell,1993-06-19,41
1391,Christopher Perez,1990-04-27,6
1392,Kim Weaver,1969-05-01,45
1393,Maurice Moon,1967-10-23,52
1394,James Bell,1979-07-23,92
1395,Kevin Larson,1951-03-05,73
1396,Michael Rangel,1996-05-29,39
1397,Brandon Murphy,1936-07-21,88
1398,Alex Johnson,1938-06-28,32
1399,Ricky Garcia,1965-07-08,76
1400,Daniel Long,1966-11-24,9
1401,Raymond Jefferson,2004-11-25,98
1402,Amber Cole,1976-08-26,79
1403,Judith Harrison,1994-08-21,65
1404,Roy Henderson,1970-08-07,73
1405,Julie Stone,1964-04-07,1
1406,Maurice Kim,1948-07-30,10
1407,Steven Reynolds,2001-11-05,68
1408,Amanda Arnold,1965-07-15,22
1409,Lisa Watkins MD,1970-12-06,83
1410,Amanda Morrison,1995-05-16,33
1411,Molly Clark,1975-10-28,60
1412,Christine Hanson,1951-06-01,55
1413,Amy Davis,1993-02-28,96
1414,Norma Medina,1978-07-04,76
1415,Sara Lawson,1982-08-07,18
1416,Laurie Thompson,1941-12-09,91
1417,Amy Sullivan,2000-04-18,93
1418,Sabrina Cruz,1959-12-02,33
1419,Jessica Valdez,1952-12-27,101
1420,Laurie Riggs,2001-10-19,33
1421,Ryan Welch,1995-05-24,8
1422,Isabel Maldonado,1983-05-22,19
1423,Harold Shaw DDS,1961-10-06,6
1424,Stacy Howard,1945-09-07,30
1425,Daniel Phillips,1954-10-01,81
1426,Jason Nguyen,1962-06-18,3
1427,Paul Davis,1932-08-14,39
1428,Laura Short,1996-02-17,7
1429,Amanda Nguyen,1959-08-09,17
1430,Adam Smith,1975-08-11,27
1431,Sandra Barnes,1966-05-08,15
1432,Rachel Rodriguez,1948-09-27,74
1433,Ashley Young,1963-09-20,44
1434,Devin Payne,1998-02-12,45
1435,Richard Chaney,1954-08-12,57
1436,Suzanne Smith,1974-03-17,45
1437,Vickie Johnson,1975-05-11,61
1438,Elizabeth Harris,1966-10-18,76
1439,Michael Heath,1952-11-01,28
1440,Albert Mitchell,1989-08-20,71
1441,Beth Anderson,1965-12-21,32
1442,Donna Phelps,1966-06-18,17
1443,Mary Washington,1946-08-22,57
1444,Elizabeth Sanchez,1992-07-22,20
1445,Jeffrey Olsen,1993-02-13,33
1446,Jessica Hoover,2003-05-02,48
1447,Brian Mathews,1963-10-04,83
1448,Kimberly Porter,1944-08-15,98
1449,Morgan Kim,1972-11-06,15
1450,Miss Tonya Hebert,1983-06-22,38
1451,Ryan Campbell,1965-10-05,19
1452,Jared Galvan,1954-02-26,4
1453,Bruce Lewis,1964-02-23,70
1454,Kendra Klein,1956-09-12,45
1455,Randy Turner,1974-08-13,57
1456,Andrea Carson,1984-07-05,50
1457,Robert Mora,1968-11-15,18
1458,Margaret Bryant,1986-06-20,74
1459,Curtis Smith,1963-08-06,25
1460,Jesse Johns,1982-04-17,43
1461,Casey Smith,1975-04-17,65
1462,Hailey Bates,1948-12-02,86
1463,Joseph Clark,2003-07-22,60
1464,James Bell,1976-12-17,21
1465,Jose Rose,1972-05-04,77
1466,Jason Black,1938-01-02,61
1467,Heather Maxwell,1980-03-30,7
1468,Richard Thomas,1985-04-25,59
1469,Kimberly Burns,1946-11-18,94
1470,Jonathan Moore,1968-01-31,70
1471,Frank Price,1957-01-16,56
1472,Jeremiah Hunt,1963-03-21,12
1473,Samuel Ferguson,1963-08-23,32
1474,Kimberly Taylor,1984-12-08,56
1475,Jerry Clark,1974-07-12,19
1476,Robert Banks,1952-05-11,13
1477,Aaron Wang,1978-05-04,74
1478,Christina Shields,1963-10-22,62
1479,Brittany Ritter,1981-09-23,9
1480,David Crane,1957-02-28,69
1481,Marc Scott,1939-11-23,48
1482,Amy Richardson,1964-07-16,100
1483,Michael Lee,1970-05-04,15
1484,Megan Rios,1979-01-10,91
1485,Christian Fuentes,1965-12-23,39
1486,Timothy Fisher,1988-06-14,42
1487,Ellen Roberts,1998-06-01,7
1488,Maria Vazquez,1949-05-26,15
1489,Mark Wood,1933-08-02,55
1490,Ricardo Owens,1999-03-31,24
1491,Patricia Arnold,1976-08-07,49
1492,Erin Jones,1975-11-25,47
1493,Kenneth Foster,1960-07-11,49
1494,Mary Andrade,1962-03-11,44
1495,Laura Adams DDS,1960-11-06,96
1496,Tracy Peterson,1982-07-05,6
1497,Jennifer Vargas,1968-08-28,43
1498,Lauren Taylor,1942-06-17,20
1499,Katelyn Houston,1981-04-09,23
1500,Patrick Holloway,1959-01-15,95
1501,Katelyn Palmer,1979-01-22,27
1502,Lisa Ortiz,1933-06-05,67
1503,Lacey Alexander,1933-05-05,69
1504,Timothy Rivas,1955-12-24,82
1505,Jacob Snyder,2003-10-18,102
1506,Teresa Singleton,1982-02-03,82
1507,Taylor Robinson,1977-10-27,10
1508,Robert Long,1989-08-10,28
1509,Mark Elliott,1939-06-24,7
1510,Johnny Murphy,1985-11-15,5
1511,Mrs. Caitlyn Marshall,1973-03-09,93
1512,Julie Willis,1975-03-18,71
1513,Melissa Poole,1978-02-27,19
1514,Sean White,1937-11-24,95
1515,Gary Dixon,1936-12-31,18
1516,Valerie Collins,1966-02-08,79
1517,Catherine Gordon,1982-11-29,28
1518,David Wilson,1933-01-08,97
1519,Courtney Jackson,2004-04-09,29
1520,Amanda Beasley,2002-01-02,97
1521,Katie Hill,1934-01-07,88
1522,Noah Cummings,1976-04-21,84
1523,Sandra Williams,1984-10-02,8
1524,Michael Li,1935-12-06,54
1525,Matthew Chapman,1936-02-28,94
1526,Melinda Diaz,1988-08-08,57
1527,Kenneth Smith,2001-05-04,66
1528,Patrick Olsen,1936-01-17,75
1529,Terri Chan,1938-10-29,47
1530,April Castillo,1935-06-29,46
1531,Tyler Guzman,1936-11-30,37
1532,Brenda Smith,1949-09-19,64
1533,Ronald Serrano,1932-07-06,77
1534,Trevor Hicks,2004-07-25,77
1535,Paula James,1967-02-17,33
1536,Andrea Coleman,2003-05-04,78
1537,Dana Cowan,1991-07-15,31
1538,Stephanie Jones,1933-06-23,15
1539,Lori Reyes,1936-08-02,79
1540,David Williamson,1985-11-21,27
1541,David Booker,1999-04-08,44
1542,Jennifer Lawrence,1947-06-27,101
1543,Chelsey Marshall,2003-03-11,76
1544,Christopher Thomas,1933-12-17,13
1545,Wendy King,1968-06-06,7
1546,David Roberts,1992-07-07,26
1547,Daniel Dawson,1997-04-15,66
1548,Kenneth Carroll,1951-12-12,18
1549,Aaron Harris,1989-10-03,66
1550,Monica Howell,1932-03-10,65
1551,Barry Thompson,1932-08-12,49
1552,Mario Collins,1958-06-14,49
1553,Jenna Stanley,1971-09-02,57
1554,Jessica Perry,1940-06-30,5
1555,Matthew Bennett,1939-09-16,91
1556,Franklin Cantrell,1935-06-28,50
1557,Jason Hurst,1964-10-14,18
1558,Christopher Kramer,1951-11-22,84
1559,Mark Ryan,1993-05-09,66
1560,Andrew Schmitt,1952-07-05,28
1561,Wesley Howard,1993-06-09,17
1562,Monique Trujillo,1970-11-26,39
1563,Tyler Moore,1995-01-06,95
1564,Melissa Wood,1989-03-15,6
1565,Vincent Tucker,1957-01-07,44
1566,Karen Lewis,1976-02-24,27
1567,Mr. Timothy Montgomery,1977-12-13,84
1568,Joshua Livingston,1954-11-28,6
1569,David Bradley,1944-03-21,29
1570,Mr. Howard Tucker,1938-09-07,7
1571,Taylor Reilly,1939-07-03,68
1572,Larry Lewis,1993-06-07,89
1573,Gary Tate,1987-03-14,7
1574,Michael White,1942-07-06,80
1575,Christopher Lopez,1943-04-10,18
1576,Dawn Rhodes,1979-03-13,27
1577,Melissa Peters,1999-09-08,57
1578,Elizabeth Martinez,1938-04-14,92
1579,Derek Rodriguez,1990-01-02,88
1580,Kenneth Garcia,1959-10-14,9
1581,David Cordova,1942-04-09,7
1582,Ann Acosta,1938-05-13,33
1583,Victoria Martinez,1934-09-25,96
1584,Sean Aguilar,1936-08-30,72
1585,Daniel Glass,1963-04-27,12
1586,Kristin Dean,1941-06-01,59
1587,Jacob Dennis,1960-08-28,90
1588,Timothy Anderson,1968-04-26,16
1589,Steven Robertson,1998-08-11,40
1590,Gilbert Martin,2001-09-08,21
1591,James Perez,1981-07-23,76
1592,Marc Landry,1962-07-10,70
1593,Jason Joseph,2003-06-11,9
1594,Gerald Peterson,1969-10-25,73
1595,Joshua Stone,1940-04-18,45
1596,Robin Benitez,1992-12-23,45
1597,Michael Jones,1950-02-08,44
1598,Tina Flores,1977-11-04,68
1599,Eric Taylor,1973-08-16,94
1600,Ryan Green,1939-03-15,98
1601,Lori Sanchez,1939-10-06,34
1602,Susan Watts,1987-06-26,53
1603,Elijah Jimenez,1989-05-26,44
1604,William Marshall,1974-04-16,45
1605,Julie Molina,1978-01-10,36
1606,Angela Huang,1997-09-17,7
1607,Paula Hood,1961-03-13,101
1608,Christopher Cook,1956-11-04,65
1609,Rebecca Mullins,1973-08-03,91
1610,Jeffrey Crawford,1975-06-18,64
1611,Kristin Jones,1973-07-08,48
1612,Erica Baker,1997-04-25,45
1613,Brandi Owen,1996-03-07,34
1614,Robert Kramer MD,2002-09-05,36
1615,Alexis Delacruz,1935-09-08,25
1616,Brent Herrera,1956-07-13,80
1617,Eric White,1948-04-12,53
1618,Jaime Lee,1936-08-08,41
1619,Wyatt Wood,1936-03-09,6
1620,Ana Lester,1965-02-28,5
1621,Valerie Gonzalez,1958-06-03,51
1622,Melanie Flores,1991-05-10,82
1623,Meagan Harris,1970-06-23,100
1624,Valerie Buckley,1937-02-16,77
1625,Joseph Levy,1997-08-03,52
1626,Timothy Mcmillan,1977-05-24,102
1627,Paul Brandt,1956-07-28,23
1628,William Jones,1978-07-04,33
1629,Alicia Fitzgerald MD,1962-06-26,79
1630,Jordan Allen,1951-07-13,17
1631,Linda Thompson,1945-06-21,23
1632,Stacey Winters,1975-12-02,64
1633,Jamie Barnes,1990-11-10,37
1634,Douglas Brown,1953-07-04,7
1635,Jasmine Arroyo,2001-09-27,80
1636,Mary Walker,2004-03-20,55
1637,Jeffery Alvarado,1991-04-25,41
1638,Mark Melendez,1983-10-23,33
1639,Miguel Jenkins,1997-05-24,47
1640,Mackenzie Martin,1958-06-03,77
1641,Tammie Stout,1990-02-17,74
1642,Aaron Cox,1991-01-29,31
1643,William Adkins,1932-12-15,72
1644,Marie Byrd,1957-08-31,92
1645,Cassandra Pope,1971-05-18,42
1646,Derek Shelton,1996-07-14,69
1647,Monica Moody,1995-06-08,14
1648,James Carroll,1937-04-09,93
1649,Samuel Cunningham,1951-11-12,67
1650,Nathan Lester,1981-10-09,59
1651,Whitney Kelly,1963-08-17,92
1652,Preston Bradley,1966-02-25,79
1653,Alicia Gonzales,1956-08-10,60
1654,Jacob Wilson,1986-11-05,69
1655,Michael Harrington,1963-05-12,35
1656,Edward Johnston,1954-10-17,51
1657,Shelby Martin,1953-12-12,92
1658,Emily Gomez,1988-06-01,81
1659,Dawn Ford,1998-03-29,82
1660,Julie Burke,1991-05-25,98
1661,Denise Miller,1976-03-12,57
1662,Jason Foster,1954-06-04,13
1663,Sean Padilla,1960-09-23,81
1664,Anne Miller,1997-06-23,50
1665,Dawn Davis,1957-07-18,77
1666,Rachael Grimes,1937-06-25,72
1667,Jennifer Hunter,1967-04-22,46
1668,Sean Edwards,1981-04-12,12
1669,Michelle Brown,1988-12-16,20
1670,William Lee,1973-03-11,72
1671,David Smith II,1983-11-02,75
1672,Samantha Wilson,1984-02-12,4
1673,Bradley Murphy,2002-11-21,90
1674,Bobby Torres MD,1933-11-11,25
1675,Jennifer Willis,1979-11-09,68
1676,Melissa Clark,1986-06-23,5
1677,Derrick Cordova,1966-06-28,15
1678,Joseph Nicholson,1984-08-08,38
1679,Edward Torres,1993-01-02,46
1680,Roy Chen,1983-04-07,2
1681,Kimberly Martinez,1999-03-17,43
1682,Sara Freeman,1961-06-17,62
1683,Kristie Archer,1995-04-30,8
1684,Cole Lloyd,1943-04-29,20
1685,Lori Singleton,1972-08-30,19
1686,Summer Gonzalez,1973-08-10,77
1687,William Morgan,1988-08-04,97
1688,Jeffery Russell,1947-03-07,13
1689,Derek Wells,2000-04-20,35
1690,Sarah Hansen,1941-05-07,26
1691,Andrew Becker,1943-07-01,33
1692,Joy Schaefer,1956-05-04,51
1693,Jessica Bell,1963-11-30,70
1694,Christine Berry,1951-11-16,58
1695,Mr. Andrew Myers,1962-01-27,55
1696,Christopher Williams,1993-11-10,31
1697,Krystal Holmes,1960-09-28,95
1698,Aaron Jones,1974-01-28,84
1699,Dr. Noah Williams,1936-06-16,74
1700,Jennifer Ortiz,1966-06-02,5
1701,Paula Mcdonald,1977-12-19,8
1702,Erica Newman,1954-09-14,1
1703,Natalie Gross,1965-05-26,63
1704,John Rivas,1932-12-11,53
1705,Katrina Christian,1945-11-02,23
1706,Sherri Daniels,1940-10-01,69
1707,Tim Hunt,1958-09-10,73
1708,Hannah Jones DDS,1951-10-14,3
1709,Bradley Potter,1946-12-31,46
1710,Erica Beck,1976-04-03,98
1711,Anita Richards,1952-01-22,101
1712,Brian Jimenez,1937-01-05,39
1713,Lindsey Burke,1994-12-22,79
1714,Anna Cohen,1950-05-25,39
1715,Kyle Parker,1978-06-03,7
1716,Raymond Johnson,1980-11-17,50
1717,Christian Navarro,1940-08-14,70
1718,Kevin Martin,1976-11-08,1
1719,Toni Welch,1966-09-24,90
1720,Hunter Murphy,1933-12-20,29
1721,Sonya Goodman,1936-11-26,2
1722,Jessica Rodriguez,1984-10-07,43
1723,Loretta Houston,1961-12-06,14
1724,Matthew Vasquez,1969-09-12,15
1725,David Miller,1995-03-14,91
1726,Gordon May,1995-06-09,37
1727,Timothy Ware,2003-11-10,86
1728,Karen Burnett,1941-01-20,76
1729,Amy Hamilton,1973-09-07,85
1730,Nathan Newton,1995-08-09,2
1731,Jodi Ballard,1957-02-08,38
1732,Ashley Riddle,1951-07-08,92
1733,Sarah Richardson,1973-12-07,36
1734,Rickey Johnson,1961-11-05,17
1735,Anthony Watson,1996-04-07,45
1736,Yolanda Walker,1974-09-04,55
1737,Monica Wilkinson,1961-06-07,99
1738,Bradley Wade,1983-02-13,98
1739,Thomas Cook,1965-08-13,95
1740,Brandon Clark,1978-06-26,29
1741,Carlos Adams,1932-01-03,27
1742,Jerry Cline,1975-12-13,84
1743,Steven Patterson,1941-12-13,78
1744,Brooke Mckinney,1987-05-20,81
1745,Thomas Kerr,1978-06-09,101
1746,Ian Hammond,1946-04-11,98
1747,Mike Howard,1934-03-10,26
1748,John Hamilton,1955-06-21,46
1749,Angela Blair,1968-04-28,55
1750,Harold Herring,1933-04-26,21
1751,Christopher Barrera,1998-04-26,49
1752,Ashley Mcconnell,1936-06-17,86
1753,James Keller,1941-06-05,28
1754,Rebecca Brown,1958-08-03,96
1755,Jessica Turner,2003-06-07,58
1756,Douglas Newman,1995-06-20,79
1757,Donna Carrillo,1938-09-11,36
1758,Wanda Taylor,2003-06-27,17
1759,Edward Bruce,1955-07-22,49
1760,Justin Pitts,1993-11-10,85
1761,Mario Vazquez,2001-06-23,50
1762,Kyle Sharp,1962-12-29,88
1763,George Bell,1989-12-10,11
1764,Aaron Parks,1993-05-25,4
1765,Vincent Lucas,1971-03-18,46
1766,Katherine Bates,1945-05-04,71
1767,Teresa Reeves,1989-01-24,14
1768,James Moore,1966-07-18,84
1769,Amanda Gallagher,1937-04-27,94
1770,Kimberly Stephens,1958-08-05,4
1771,Jeffrey Holmes,1988-01-06,21
1772,Jessica Estes,1974-10-30,47
1773,Rodney Lynch,1946-08-29,36
1774,Sandra Horn,1998-02-04,25
1775,Laura Warren,1971-08-20,103
1776,Christopher Contreras,1996-05-22,72
1777,Ashley Arnold,1946-01-15,5
1778,Kristina Freeman,1975-02-21,48
1779,Gina Mcdonald,1984-12-08,17
1780,Daniel Curtis,1939-09-20,79
1781,Kristine Adams,1943-09-07,32
1782,Andrew Reeves,1937-01-10,58
1783,Gina Cox,1939-09-23,86
1784,Tiffany Castillo,1954-10-31,3
1785,Michael Moore,1956-02-01,52
1786,Gary Macias,1987-07-05,79
1787,Theresa Gonzales,1967-11-21,95
1788,Priscilla Taylor,1971-08-23,90
1789,Michelle Cuevas,1996-06-23,87
1790,Matthew Small,1975-07-25,74
1791,Aaron Walton,1957-06-03,53
1792,Jonathan Black,1945-07-31,20
1793,Tyler Wilson,1944-09-15,7
1794,Kenneth Gibson,1953-09-10,79
1795,Ralph Craig,1964-11-01,90
1796,Douglas Murray,1955-11-05,24
1797,Michelle Pace,1968-12-09,23
1798,Alexander Webb,1965-10-08,37
1799,Tyler Ellison,1949-03-06,94
1800,Ashley Walker,1998-05-23,79
1801,Stephanie Mendoza,1959-07-25,58
1802,Mr. Daniel Fox DDS,1987-08-17,54
1803,Jason Carter,1968-02-25,83
1804,Abigail Lang,1934-12-16,44
1805,Michelle Bailey,1975-07-30,28
1806,Brooke Hopkins,1981-07-28,78
1807,Matthew Baker,1978-06-21,40
1808,Pamela Rodriguez,1985-04-14,77
1809,Kevin Brooks,1957-02-17,33
1810,Taylor Ruiz,2001-04-20,73
1811,David Garrison,1965-01-03,101
1812,Justin Dunlap,1968-06-18,99
1813,Heather Miller,1958-11-21,38
1814,Brenda Ramirez,1975-07-03,99
1815,Denise Moon,1946-02-08,1
1816,Michelle Pham,1986-04-27,81
1817,Terry Patton,1965-10-16,96
1818,Mary Davidson,1972-08-18,77
1819,Tammy Welch,1988-04-16,80
1820,Cynthia Lane,1978-06-11,39
1821,Caroline Reynolds,1982-12-11,60
1822,David Anderson,1965-09-19,50
1823,Joe Watts,2003-02-23,80
1824,Lisa Gould,1943-07-03,41
1825,Gregory Kim,1967-05-16,36
1826,Sean Kelly,1983-10-23,82
1827,James Olson,1941-02-13,39
1828,Tracy Carter,1947-05-25,40
1829,Jennifer Contreras,1954-05-27,82
1830,William Chavez,1975-01-10,93
1831,Marie Thompson,1953-02-13,51
1832,Jennifer Gray,1951-08-21,4
1833,Mrs. Brenda Browning,1987-10-12,35
1834,Mary Martinez,1932-06-21,76
1835,Joshua Johnson,1980-05-02,17
1836,Ashley Campos,1952-09-12,67
1837,Joseph Parker,1934-07-24,0
1838,Sara Smith,1967-06-21,72
1839,Mary Bryant,1943-09-29,98
1840,Jamie Kelly,1954-05-03,76
1841,Donald Mccormick,1941-10-02,34
1842,Maria Carroll,1997-08-23,46
1843,Megan Larsen,1994-09-25,80
1844,Mr. Michael Brown,1979-09-14,64
1845,Richard Roman,1983-08-29,51
1846,Mary Reeves,2001-10-23,46
1847,Dana Nelson,1993-04-17,98
1848,Ryan Winters,1987-09-21,75
1849,James Johnson,1981-11-25,101
1850,James Garcia,2001-05-07,74
1851,Melissa Diaz,1978-02-25,47
1852,Emma Baker,1951-06-13,45
1853,Kelly Castaneda,1995-08-14,62
1854,Frank Parker,1963-10-15,58
1855,William Ruiz,1940-12-05,87
1856,Seth Martinez,1942-02-03,13
1857,Jose Andrade,1971-11-24,23
1858,Shannon Lara,1939-07-06,1
1859,James Ross,1965-07-26,82
1860,Samantha Oneal,1985-03-15,95
1861,Emily Reyes,1961-06-26,77
1862,Brian Hess,1949-09-23,1
1863,Matthew Johnson,1975-04-01,101
1864,Mark Adams,1985-11-13,58
1865,Terrence Williams,1952-02-29,41
1866,Jimmy Wilson,1964-12-06,100
1867,Kirk Mendoza,1997-03-03,78
1868,Scott Anderson,1942-09-21,14
1869,Dustin Hartman,1933-04-20,98
1870,Michelle Harris,1970-08-12,36
1871,Howard Garcia,1972-02-12,81
1872,Amanda Archer,1989-11-04,12
1873,Gerald Tate,1985-06-04,38
1874,Monica Ortega,1994-07-29,14
1875,Lori Porter,1964-02-10,55
1876,Heather Buck,1983-09-23,86
1877,Ashley Ward,1987-12-20,10
1878,Heidi Neal,1960-10-20,58
1879,Shelley Smith,1939-02-03,1
1880,John Wong,1957-04-15,71
1881,Robert Delgado,1989-01-14,97
1882,Miguel Gay,1939-11-04,95
1883,Victoria Ramirez MD,1943-06-25,95
1884,Thomas Stewart,1985-06-22,74
1885,Jordan Garcia,1992-07-09,54
1886,Bridget Jones,1981-07-24,43
1887,Mr. Jeffrey Wang PhD,1948-10-12,15
1888,Taylor Alexander,1995-02-21,38
1889,Carl Cox,1951-09-06,103
1890,Amanda Snyder,1960-01-09,57
1891,John Harris,1934-03-07,6
1892,Justin Ray,1980-01-29,36
1893,Todd Burns,1986-06-13,69
1894,Mr. Gerald Rodriguez,1945-06-30,60
1895,Anthony Mcdonald,1972-01-06,70
1896,Hunter Smith,1995-04-20,99
1897,Elizabeth Jenkins,1987-02-24,24
1898,Jay Barnett,1966-01-20,86
1899,Christopher Price,1970-11-30,76
1900,Justin Barnes,2000-07-12,43
1901,Julie Baxter,1937-08-21,63
1902,Monica Moran,1953-02-12,54
1903,Terri Norman,1939-12-18,38
1904,Michael Robinson,1944-04-10,50
1905,Kathryn Parker,1956-10-26,76
1906,Claudia Barry,1950-08-02,72
1907,Brian Stafford,1977-06-22,77
1908,Karen Matthews,2003-02-11,69
1909,Rebecca Wilson,1965-12-12,95
1910,Lisa Harrington,1953-06-14,57
1911,Stephanie Miller,1970-06-04,0
1912,Danny Johnston,1988-09-03,92
1913,Mitchell Hayes,1995-01-25,2
1914,Christine Bennett,1983-12-29,58
1915,Joshua Chang,1991-08-14,49
1916,James Ellis,1941-07-02,80
1917,Kristen Mcintosh,1935-06-13,71
1918,Cynthia Howard,1976-06-22,99
1919,Anthony Duran,1979-10-22,76
1920,David Phillips,1936-03-15,100
1921,Sara Collins,1978-11-06,17
1922,Lynn Wright,1972-03-03,40
1923,Jonathon Cook,1957-12-25,84
1924,Joshua Freeman,1991-02-03,80
1925,Shelly Brown,1944-12-15,34
1926,Scott Bush,1941-12-26,63
1927,Lauren Rivas,1987-01-29,50
1928,Brianna Evans,1998-07-03,88
1929,Michael Medina,1974-11-22,21
1930,Jasmine Porter,1937-08-04,96
1931,Kerri Parker,1953-02-14,14
1932,Scott Johnson,1981-07-13,23
1933,Jeffrey Irwin,1992-06-17,12
1934,Julia Perkins,1969-07-18,15
1935,Marcus Boyd,1981-12-23,44
1936,Connor Potts,1946-01-22,86
1937,David Patterson,1948-08-10,0
1938,Tracy Gonzalez,1978-11-13,59
1939,Jacob Lindsey,1998-04-29,8
1940,Zachary Johnson,1960-01-13,28
1941,Alicia Pearson,1987-06-04,97
1942,Nathaniel Cox,1955-11-25,92
1943,Sandra Taylor,2001-08-13,54
1944,Beth Orozco MD,1980-01-13,2
1945,Susan Harris,1962-01-27,94
1946,Ashley Gregory,1952-10-17,63
1947,Jennifer Sandoval,1990-07-01,49
1948,Shawn Brown,1994-05-20,66
1949,Kathryn Johnson,1997-04-22,92
1950,Sheila Stewart,1933-03-15,31
1951,Jessica Edwards,1935-10-31,89
1952,Karen Robinson,1976-04-15,53
1953,Christian Williams,1997-06-06,22
1954,Janet Moore,2003-02-22,67
1955,Brenda Arnold,1947-01-30,91
1956,Elizabeth Owen,1993-01-26,101
1957,Matthew Simpson,1999-09-05,49
1958,Brent Scott,1995-03-03,78
1959,Brenda Davis,1936-06-23,24
1960,Cynthia Evans,1962-07-26,47
1961,Mark Bond,1966-03-19,7
1962,Robert Peterson,1944-11-14,12
1963,David Nelson,1939-05-20,69
1964,Courtney Johnson,1944-11-10,59
1965,Stacy Love,1966-05-19,91
1966,Dawn Roberts,1970-06-29,43
1967,Mrs. Cheryl Moore,1976-03-28,13
1968,Michael Hernandez,1955-03-04,51
1969,Jasmine Warren,1994-11-23,96
1970,Eric Payne,1982-12-27,79
1971,Tiffany Adams,1932-01-15,55
1972,Brad Butler,1944-08-11,42
1973,Charles Miller,1999-08-19,95
1974,Valerie Walker,1994-11-06,49
1975,John Ayala,1976-12-28,26
1976,Sarah Gonzalez,1944-08-30,57
1977,Erik Stephens,1937-05-01,103
1978,Kimberly Miller,1955-02-04,90
1979,Stephen Jensen,1958-05-30,82
1980,Maria Miller,1976-12-04,87
1981,Jeffrey Henderson,1946-10-27,56
1982,Keith Barrera,1936-01-02,16
1983,Hunter Adams,1949-05-20,91
1984,Lacey Johnson,1949-05-29,14
1985,Tamara Wilson MD,1983-08-11,9
1986,Antonio Garner,1957-02-14,7
1987,James Chandler,1973-06-30,52
1988,Darlene Campbell,1980-02-15,102
1989,Krista Berg,1941-03-25,11
1990,Angelica Johnson,1971-04-30,30
1991,Sandra Brady,1997-04-11,89
1992,Peter Clarke,1975-03-30,81
1993,Melissa Flores,1936-08-05,26
1994,Jason Burns,1999-05-08,65
1995,Ronald Hall,1971-05-31,26
1996,Kathleen Greer,1959-08-28,38
1997,Joshua Nelson,1959-01-08,36
1998,Jessica Costa,1941-10-31,27
1999,Robert Robinson,1951-09-30,5
2000,Pamela Figueroa,1958-01-07,36
2001,Makayla Allen,1991-05-05,83
2002,Sarah Mccullough,1989-06-21,35
2003,Patricia Barrett,1988-02-24,82
2004,Amy Whitney,1950-03-02,46
2005,Katie Campbell,1955-08-29,54
2006,Madison Ho,1939-09-30,77
2007,Denise Pena,1969-05-01,10
2008,Nicole Wiggins,1960-05-10,16
2009,Michael English,1985-01-28,82
2010,Anthony Hernandez,1944-01-14,78
2011,Hannah Benton,1952-08-02,26
2012,Caroline Hernandez,1965-02-23,67
2013,Cathy Stephens,1980-03-30,40
2014,Rebecca Duncan,1997-12-17,61
2015,Stephen Murphy,1960-09-13,59
2016,Larry Johnson,1982-04-18,6
2017,Clifford Alexander,1988-10-03,28
2018,Walter Smith,2001-05-08,55
2019,Ruth Parker,1955-04-29,73
2020,Jonathan Phillips,1990-02-10,94
2021,Donna Mcintyre,1998-02-26,95
2022,Sharon Butler,2004-10-05,53
2023,Matthew Olson,1972-03-16,51
2024,Jonathan Jones,1956-07-27,93
2025,Eric Giles Jr.,1986-09-08,86
2026,Jonathan Williams,1957-05-19,98
2027,Dakota Smith,1981-08-17,30
2028,Richard Thornton,1935-08-07,87
2029,Rachel Hamilton,1986-12-28,2
2030,Kelly Marshall,1962-04-22,93
2031,Heather Juarez,1936-09-14,85
2032,Tara Smith,1941-08-06,85
2033,Chelsea Bass,1936-07-16,48
2034,Andrea Miller,2001-02-20,84
2035,Lisa Miller,1974-12-05,81
2036,Walter Jensen,1974-04-07,66
2037,Deanna Turner,1979-12-05,78
2038,Jimmy Ruiz,1974-05-06,83
2039,Lee Hogan,1973-08-25,55
2040,Mary Robbins,1995-05-11,6
2041,Christopher Barnett,1965-01-14,4
2042,Heather Moreno,1962-08-23,87
2043,Shannon Martin,1940-11-12,101
2044,Benjamin Espinoza,1989-02-16,61
2045,Maria Winters,1940-04-12,38
2046,Traci Smith,2003-11-05,14
2047,Jennifer Terry,1997-03-09,7
2048,Richard Neal,1935-12-09,25
2049,Michael Harmon,1995-04-10,92
2050,Hannah Thompson,1974-02-24,51
2051,Lisa Dunn,1942-07-22,52
2052,Zachary Mccann,1994-12-12,25
2053,Justin Nguyen,1991-03-05,72
2054,Jacqueline Sullivan,1979-08-14,103
2055,Kathryn Montoya,1995-07-24,5
2056,Kenneth Petersen,1995-06-27,6
2057,Sara Camacho,1934-05-20,82
2058,Robert Thomas,1938-03-17,95
2059,Wanda Ramirez,1969-02-28,37
2060,Jennifer Torres,1955-05-12,32
2061,Christine Logan,1997-07-02,48
2062,Vanessa Lee,1955-11-19,23
2063,Brendan Horne,2000-08-05,78
2064,Kayla Owens,1959-05-17,103
2065,James Mack,1971-09-23,34
2066,Michelle Kelly,1969-01-09,14
2067,Shannon Davis,1955-06-26,89
2068,Gary Gonzalez,1948-12-13,77
2069,Mario Kelley,1953-08-02,99
2070,Crystal Alvarez MD,2004-07-27,93
2071,Dustin Parker,1937-10-27,27
2072,Morgan Smith,1934-01-27,49
2073,Tyrone Malone,1989-04-12,55
2074,Manuel Singh,1999-02-25,63
2075,Emily Jones,1950-03-01,40
2076,Nicholas Brooks,1948-05-08,17
2077,Joshua Williams,1942-02-17,78
2078,Scott Novak,1993-05-17,50
2079,April Scott,1948-02-24,103
2080,Joseph Fleming,1932-12-30,24
2081,James Vance,1972-11-18,61
2082,Xavier Murphy DDS,1946-03-23,56
2083,Cody Flores,1971-01-21,35
2084,Beth Norman,1958-05-20,89
2085,Adam Espinoza,1940-01-28,16
2086,Angela Martinez DVM,1964-04-13,28
2087,Anthony Smith,1948-09-12,46
2088,Yolanda Barker,1940-08-23,59
2089,Joseph Martinez,1996-03-15,57
2090,Linda Schneider,1985-08-24,24
2091,Kelly Knox,1999-05-13,57
2092,Luis Murray,1970-04-22,61
2093,Andrea Brandt,1934-09-27,100
2094,Jeffrey Hurley,1982-03-31,10
2095,Chelsea Dudley,1987-06-12,21
2096,Maureen Mcgee,1975-05-07,95
2097,Jeremy Wise,1985-04-13,65
2098,Todd Murphy,1992-12-11,55
2099,Collin Abbott,1996-05-19,11
2100,Rachel Campbell,1948-02-11,23
2101,Timothy Hurst,1988-03-28,24
2102,Amanda Dunn,1985-12-10,18
2103,Lisa Barr,1976-05-31,93
2104,Samuel Bailey,1993-12-07,55
2105,Tamara Ritter,1989-05-13,89
2106,Cathy Morrison,1938-12-07,46
2107,Michael Mcintosh,1962-05-20,62
2108,Danielle Williams,1990-09-11,75
2109,Elizabeth Lopez,1987-08-17,76
2110,Elizabeth Matthews,1980-06-03,50
2111,Karen Salazar,1989-12-23,2
2112,Chelsea Olsen,1955-03-15,2
2113,Tamara Dawson,1995-03-13,97
2114,Kenneth Miranda,1994-03-20,87
2115,Dylan Wilson,1995-02-23,29
2116,William Holmes,1993-04-29,65
2117,Thomas Harris,1935-01-18,102
2118,Daniel Malone,1994-01-27,96
2119,Mark Marsh,1959-05-04,8
2120,Lisa Fernandez,1943-02-10,36
2121,Teresa Shaw,1989-06-10,101
2122,Sarah Miller,1969-02-21,50
2123,Nancy Campbell,2000-06-22,86
2124,Elizabeth Young,1983-07-02,62
2125,Jason Hoover,1999-12-27,102
2126,Adam Harris,1935-01-22,93
2127,Joyce Banks,1973-05-13,53
2128,Deanna George,1958-11-25,78
2129,Vickie Dawson,1998-08-13,17
2130,Erin Ferguson,1983-06-04,103
2131,Steven Williams,1945-04-10,2
2132,Andrew Mendez,1964-03-17,30
2133,Lisa Moore,1940-09-11,38
2134,John Black,1942-09-23,13
2135,Riley Howell,1952-11-04,63
2136,Victor Marsh,1968-07-03,14
2137,Erin Hanna,1968-08-12,63
2138,Amanda Rodriguez,1994-07-04,47
2139,James Boyer,1989-11-06,44
2140,Louis Watkins,1974-08-05,14
2141,Robin Davidson,2003-11-01,31
2142,Mackenzie Grant,1954-07-01,45
2143,Vincent Hawkins,1938-10-21,52
2144,Marissa Stokes,1982-02-04,29
2145,Jennifer Gates,2001-01-27,92
2146,Bianca Holmes,1981-08-12,95
2147,Peter Phillips,1958-11-24,98
2148,Barbara Davidson,1999-09-10,26
2149,Leah Randall,1958-09-04,45
2150,Tracy Sanchez,1972-03-20,76
2151,Aaron Rodriguez,1989-03-14,73
2152,Brandon Hawkins,1946-08-03,33
2153,Amy Cole,1938-01-17,7
2154,Frank Mcdonald,1954-08-17,23
2155,John Phillips,1986-04-07,71
2156,Leah Maxwell,1982-05-23,16
2157,Julie Davis,1945-09-29,56
2158,Joseph Smith,1980-01-20,54
2159,Chelsea Chaney,1962-10-30,52
2160,Christine Jimenez,1960-05-01,31
2161,Christina Taylor,1984-04-15,86
2162,Jordan Estrada,1973-10-05,30
2163,Anthony Everett,2001-03-10,26
2164,David Navarro,1947-12-10,84
2165,Cassandra Mueller,1934-10-07,35
2166,Timothy Stewart,1988-03-26,0
2167,Steven Carroll,1995-07-18,10
2168,Shawn Martin,1983-04-23,28
2169,Madison Bowen,1967-03-28,33
2170,Linda Morales,1988-08-15,52
2171,Kaitlin Martinez,2000-04-08,82
2172,Tara Gutierrez,1959-02-14,53
2173,Ronald Reed,1940-06-06,81
2174,Mrs. Jacqueline Davis,1967-11-12,50
2175,Ernest Schroeder,1944-03-10,98
2176,Brian Marquez,1941-05-22,94
2177,Ashley Smith,1973-09-27,65
2178,Bobby Hunter,1965-12-27,4
2179,Kerry Arellano,1960-06-15,79
2180,Ariana Rodriguez,1952-07-07,10
2181,Wayne Hughes,1946-03-20,46
2182,Ashley Warner,1953-07-26,17
2183,Carla Ray,1935-10-11,47
2184,Brandon Carson,1962-06-13,62
2185,Marissa Jones,1955-10-20,82
2186,Michael Roman,1963-02-15,74
2187,Janet Henderson,2002-08-20,89
2188,Jesus Torres,1967-10-02,35
2189,Christopher Bell,1940-01-29,36
2190,Christie Bowen,1993-03-15,14
2191,Jennifer Mitchell,1963-08-09,99
2192,William Johnson,1947-01-19,55
2193,Frances Reid,1982-01-19,44
2194,Teresa Conley,1965-04-21,40
2195,Janice Wilson,1933-11-04,41
2196,Maria Evans,1951-07-04,41
2197,Allison Smith,1978-09-28,95
2198,Grace Weber,1959-07-13,51
2199,John Cantu,1946-02-21,26
2200,Sarah Jackson,1958-10-09,38
2201,Vincent Rodriguez,1941-03-19,46
2202,Robert Potts,1944-03-09,100
2203,Tracey Pittman,1958-01-25,55
2204,Kimberly Wilson,1955-04-14,92
2205,James Hart,1979-10-14,33
2206,Alicia White,1966-02-26,76
2207,Ryan Davis,1939-09-30,51
2208,Jennifer Hall,1988-06-28,58
2209,Courtney Pollard,1966-12-26,5
2210,Kevin Odom,1989-07-28,54
2211,Paul Rich,1982-11-20,91
2212,Barbara Ray PhD,1942-11-27,29
2213,Lynn Tran,1938-08-05,42
2214,Gene Lawson,1966-12-20,11
2215,William Davis,1985-03-09,76
2216,Renee Warren,1997-07-19,35
2217,Donald Williams,1957-05-14,97
2218,Antonio Mitchell,1975-09-09,61
2219,Catherine Brown,1951-06-01,51
2220,John Burnett,1972-03-11,67
2221,Jamie Phillips,1987-03-05,77
2222,Mr. Matthew Webb,1935-01-31,93
2223,Denise Owens,1938-09-10,29
2224,Erica Barajas,1978-03-08,97
2225,Matthew King,1951-04-14,37
2226,Michael Gordon,1985-01-25,79
2227,Andrew Middleton,1958-04-02,102
2228,Todd Lopez,1978-04-21,26
2229,Kari Delgado,1950-05-28,62
2230,Brett Yu,1965-08-10,85
2231,Dawn Miller,1965-12-04,11
2232,Edward Smith,1937-07-01,4
2233,Summer Brooks,1933-04-24,101
2234,Kristen Martin,1935-11-10,39
2235,Cheryl Gordon,1932-09-01,96
2236,Andrew Campbell,1947-02-27,6
2237,Edwin Jordan,1950-03-10,92
2238,Dylan Gates,1968-06-30,56
2239,Bailey Campbell,2001-09-07,98
2240,Michael Oliver,1937-07-12,96
2241,Patrick Spencer,2004-08-17,23
2242,Debra Larsen,1950-10-07,48
2243,Rachel Parks,1975-10-17,74
2244,Curtis Rodriguez,1940-04-30,78
2245,Ruben Thomas,1948-05-17,22
2246,David Obrien,1961-03-27,102
2247,Jeremiah Waters,1936-07-17,49
2248,Debra Phillips,1992-03-07,64
2249,Stephanie Wood,1998-09-12,37
2250,Nicole Stevens,1946-11-18,20
2251,Willie Bryant,1957-11-21,102
2252,Ronald Barber,1977-09-01,56
2253,Kelly Ramirez,1976-11-13,54
2254,Frank Singh,1958-10-04,0
2255,Casey Chan,1981-10-23,9
2256,Lindsey Henry,1951-08-22,67
2257,Robert Deleon,1979-02-04,28
2258,Justin Gonzalez,1995-04-17,45
2259,Jean Becker,1972-02-29,72
2260,James Taylor,1941-06-05,27
2261,Mary Whitney,1988-10-31,28
2262,Ryan Jones,1948-06-11,76
2263,Zachary Stout,2000-04-25,81
2264,Erin Hall,1947-01-24,98
2265,Anthony Bowen,1943-02-03,25
2266,Margaret Hopkins,1974-06-13,74
2267,James Clark,1976-05-16,102
2268,Joel Green,1947-01-07,59
2269,Margaret Mann,1948-08-25,70
2270,Christine Jones,1956-06-25,38
2271,Paul Pittman,1978-01-29,78
2272,Bridget Olson,1952-01-23,79
2273,Jennifer Thomas,1976-04-06,9
2274,Dean Brown,1967-11-15,25
2275,Gary Reed,1942-07-13,71
2276,Nicholas Keller,1985-08-15,0
2277,Dwayne Henderson,1936-08-17,10
2278,Andrea Kelly,1969-06-02,36
2279,Kenneth Roberts,1988-02-16,23
2280,Zachary Hull,1941-12-05,40
2281,Lisa Choi,1985-06-29,39
2282,Stephen Webb,1959-07-26,19
2283,Karen Stewart,1984-08-22,47
2284,Jeremy Garcia,1996-10-24,103
2285,Ashley Grimes,1956-10-17,40
2286,Jennifer Bryant,1954-08-04,39
2287,Janet Farmer,1943-03-09,91
2288,Kari Foster,1949-02-23,33
2289,Devin Gross,1955-12-13,45
2290,Joseph Frederick,1995-07-09,16
2291,Diane Rodriguez,1966-01-01,46
2292,James Garrett,1949-11-03,98
2293,Patrick Meyer,1987-01-15,44
2294,Stephanie Mcpherson,1949-08-29,10
2295,George Moore,1985-12-15,31
2296,Christopher Lawrence,1953-01-21,91
2297,Jessica Keller,1960-08-11,52
2298,Kirk Mendoza,1952-12-28,93
2299,Gabriel Hanson,1991-04-22,67
2300,Dennis Ward,1953-05-12,99
2301,Edward Strong,1989-03-23,46
2302,Alan Lewis,2000-12-31,89
2303,Amy Mclean,1991-05-18,87
2304,Jeffrey Johns,1967-02-24,56
2305,Susan Vargas,1948-08-18,65
2306,Evan Lee,1938-03-25,89
2307,Carol Scott,1980-10-13,92
2308,Jennifer Smith,1973-12-27,6
2309,Michael Spencer,1961-01-04,58
2310,Joshua Garcia,1981-01-03,5
2311,Victoria Taylor,1998-04-21,22
2312,Andrew Hamilton,1995-03-09,17
2313,Sara White,1952-06-24,37
2314,Gabriel Miller,1981-03-07,13
2315,Michael Michael,1972-03-22,47
2316,Heather Coleman,1979-05-31,2
2317,Alex Harris,1972-07-31,2
2318,Joseph Ryan,1961-01-21,49
2319,Emily Alvarez,1993-10-14,18
2320,Janet Jackson,1992-06-04,42
2321,Mark Ochoa,1951-01-08,37
2322,Paul Rush,1955-11-10,41
2323,Tony Hunter,1983-07-30,33
2324,Rose Thompson,1950-08-21,44
2325,Miranda Lee,1994-12-08,44
2326,Angela Hartman,1991-12-08,88
2327,Elizabeth Bradley,1933-07-30,4
2328,Jenna Lin,1945-06-17,1
2329,Wesley Cruz,1967-01-25,55
2330,Scott Snyder,1942-03-15,86
2331,Katie Schneider,1946-06-18,61
2332,Thomas Valentine,1985-05-24,66
2333,Daniel Myers,1967-03-18,74
2334,Maria Wilson,1973-10-21,81
2335,Corey Morales,1960-02-25,12
2336,Nicole Hines,2001-10-31,32
2337,Jill Lutz,1951-07-25,9
2338,Nichole Martinez,1942-01-09,78
2339,James Arnold,1943-04-25,98
2340,Rebecca Hicks,1953-06-05,56
2341,Kari Robinson,1962-03-23,6
2342,Dan Love,1950-09-01,56
2343,Jacqueline Garcia,1984-09-10,48
2344,Drew Casey,1965-07-23,70
2345,Alexander Holland,1953-11-30,93
2346,Jesus Estrada,1965-04-30,96
2347,Matthew Chapman,1992-06-07,87
2348,Ryan Harper,1960-11-17,64
2349,Crystal Simmons,1972-10-06,9
2350,Jennifer Wells,2000-10-28,90
2351,Hannah Clark,1965-11-06,8
2352,Travis Lee,1958-05-18,87
2353,Nicholas Miller,1946-12-06,13
2354,David Vazquez,1952-07-26,92
2355,Christina Miller,2000-04-04,89
2356,Marc Cox,1955-12-20,24
2357,Colleen Hall,1947-03-03,82
2358,Michael Bolton,1961-03-20,93
2359,Ryan Cunningham,1937-04-20,56
2360,Penny Williams,1972-04-26,9
2361,Vincent White,2003-12-19,19
2362,David Tapia,1944-06-10,58
2363,Stephanie Lawrence,1973-07-13,4
2364,Whitney Lynch,1982-01-04,38
2365,Gary Huerta,1942-11-02,69
2366,Jack Clayton,1933-08-16,2
2367,Patricia Walker,1977-07-12,99
2368,David White,1962-01-08,54
2369,Amber Carrillo,1939-02-08,93
2370,Anthony Davis,1968-10-06,2
2371,Samantha Black,1970-05-08,1
2372,Michael Molina Jr.,1990-10-11,57
2373,Amanda Bryant,1958-05-26,81
2374,Billy Duran,1979-10-21,55
2375,Dr. Christopher Bell,1991-01-17,85
2376,Paul Kaufman,1953-09-21,100
2377,Dustin Anderson,1945-06-06,1
2378,Austin Wise,1982-08-07,89
2379,Karen Logan,1954-07-01,19
2380,Carlos Cox,1947-05-26,13
2381,Joe Lee,1944-03-02,73
2382,Michelle Hamilton,1944-03-23,96
2383,Michael Byrd,1945-11-02,51
2384,Victor Beck,1989-11-15,51
2385,Amanda Kim,1977-03-19,61
2386,Sharon Johnson,1994-12-02,67
2387,Olivia Mitchell,1960-03-09,81
2388,Katie Rich,1966-07-01,33
2389,Sherry Cannon,1949-04-25,20
2390,Kyle Clark,1933-04-12,38
2391,Sarah Kennedy,1976-08-04,101
2392,Theresa Johnson,1992-06-04,93
2393,Raymond Williams,1947-01-09,6
2394,Tony Perez,1988-12-10,37
2395,Robert Richardson,1985-06-12,89
2396,Marie Williams,1986-07-18,28
2397,Amanda Velazquez MD,1952-01-29,63
2398,Kevin Hill,1982-01-24,101
2399,Alexander Conner,1937-12-02,99
2400,Vanessa Mills,1952-04-22,53
2401,Terry Ingram,1959-07-06,70
2402,Mrs. Nancy Patel,1953-03-08,82
2403,Terry Johnson,1945-08-03,84
2404,Shelley Ramos,1984-08-10,84
2405,Ashley Rodriguez,1970-11-10,2
2406,Zachary Jones,1974-03-02,33
2407,Roger Waters,1985-07-06,77
2408,Justin George,1994-12-29,19
2409,Johnathan Harmon,1973-05-30,35
2410,Stephanie Barnes,1983-06-20,103
2411,Lisa Sanchez,1971-06-06,14
2412,Sydney Santiago,1946-07-01,92
2413,Cynthia Anderson,1940-07-08,40
2414,Peter Parker,1984-01-06,56
2415,Jesse Jones,1988-04-05,62
2416,Katherine Carney,1978-07-13,51
2417,Charles Wilson,1987-02-19,52
2418,Candice Pineda,2001-02-18,32
2419,John Gillespie,1946-09-22,23
2420,Nicole Shea,1937-02-01,57
2421,Kathy Lopez,1948-09-01,101
2422,Alexander May,1995-06-13,87
2423,Kayla Baker,1985-08-21,2
2424,Lauren Stewart,1973-11-21,97
2425,Evelyn Wood,1973-03-02,72
2426,Randall Gomez,1968-02-08,45
2427,Matthew Long,1996-05-27,95
2428,Paige Bowers,1964-02-27,6
2429,Heather Tanner,1997-03-24,45
2430,Cynthia Bryant,1959-04-28,90
2431,Michael Johnson,1968-07-16,81
2432,Steven Ramirez,1942-04-26,83
2433,Melissa Gould,1945-08-25,14
2434,Steven Stephens,1953-12-14,64
2435,Jeremy Moore,1934-02-12,35
2436,Ryan Gentry,1978-02-05,45
2437,Michael Holt,1954-11-26,1
2438,Melissa Miller,2001-03-01,9
2439,Joy Brown,1997-06-23,7
2440,Kimberly Perkins,1962-05-20,47
2441,Anne Thompson,1941-09-05,25
2442,Toni Davenport,1960-01-28,100
2443,Jason Martinez,1949-10-03,73
2444,Crystal Weaver,2004-06-15,33
2445,Wendy Cooper,1951-01-18,64
2446,Joseph Flores,1966-03-13,62
2447,John Atkinson,1948-02-26,80
2448,Ryan Daniel,1976-06-22,72
2449,Justin Hawkins,1958-10-16,48
2450,Michael Carlson,1970-11-02,8
2451,Tamara Miller,1992-07-26,15
2452,Caroline Steele,1948-06-30,19
2453,Debra Kelly,1988-06-15,37
2454,Savannah Jenkins,1961-02-23,7
2455,Mark Goodwin,1944-04-18,98
2456,Anthony Arnold,1936-10-07,48
2457,Madeline Vaughn,2003-06-05,86
2458,Jacob Rodriguez,1955-01-08,78
2459,Michelle Ramirez,1988-02-10,68
2460,Laurie Johns,1984-10-17,44
2461,Keith Harrell,1963-07-10,15
2462,Daisy Hanson,1936-01-30,50
2463,Luke Watts,1992-04-28,1
2464,Kathy Doyle,1982-04-17,17
2465,Barbara Montgomery,1957-03-09,4
2466,Michelle Montgomery,1957-01-25,52
2467,Katie Saunders,1964-03-30,66
2468,Andrew Jimenez,1968-10-12,43
2469,Kevin Reynolds,1999-08-31,49
2470,Scott Lee,1972-11-25,34
2471,Miss Meghan Williams,1979-08-14,66
2472,Sara Brown MD,1958-04-07,59
2473,Marissa Yates,2004-03-24,18
2474,Eric Little,1947-05-20,57
2475,Kristina Pitts,1940-02-26,29
2476,Christine Orr,1934-07-02,93
2477,Nancy Allen,1974-09-01,32
2478,Darius Robinson,1987-08-15,43
2479,Douglas Elliott,1939-06-16,21
2480,Leslie Mitchell,1946-02-21,71
2481,Colton Beasley,1942-07-11,101
2482,Nicholas Gonzales,1982-09-14,40
2483,Andrea Elliott,1984-08-02,40
2484,Miss Kayla Peters,1974-03-23,51
2485,Justin Mills,1971-02-24,87
2486,Craig Nixon,1954-12-24,73
2487,Jeremy Paul,1972-09-25,70
2488,Aaron Hoffman,1983-07-23,57
2489,Spencer Martin,1978-03-16,39
2490,Rachel Roman,1966-01-14,85
2491,Diana Brown,1977-12-18,45
2492,Richard Sloan,1997-10-25,38
2493,Evan Davis,1947-01-19,73
2494,Christopher Calderon,1943-04-25,87
2495,Kristin Garrett,1941-06-16,95
2496,Laura Gray,1991-09-25,14
2497,Emily Holt,1957-07-21,92
2498,Janet Perkins,1932-01-10,34
2499,Kelly Vang,1976-05-07,55
